Date,AAPL,MSFT
2018-01-02,40.38100051879883,79.19833374023438
2018-01-03,40.373966217041016,79.56689453125
2018-01-04,40.561500549316406,80.26722717285156
2018-01-05,41.023319244384766,81.26238250732422
2018-01-08,40.87092590332031,81.34529876708984
2018-01-09,40.86623001098633,81.29002380371094
2018-01-10,40.85686111450195,80.92144012451172
2018-01-11,41.088932037353516,81.16099548339844
2018-01-12,41.513240814208984,82.5616226196289
2018-01-16,41.30226516723633,81.4098129272461
2018-01-17,41.98442077636719,83.05919647216797
2018-01-18,42.02193069458008,83.0223388671875
2018-01-19,41.83439636230469,82.93017578125
2018-01-22,41.49213790893555,84.41373443603516
2018-01-23,41.50151824951172,84.68095397949219
2018-01-24,40.84046173095703,84.60720825195312
2018-01-25,40.11143112182617,85.07715606689453
2018-01-26,40.20518112182617,86.67127227783203
2018-01-29,39.37299346923828,86.54225158691406
2018-01-30,39.14093017578125,85.45494842529297
2018-01-31,39.248756408691406,87.54663848876953
2018-02-01,39.33079147338867,86.85556030273438
2018-02-02,37.62423324584961,84.57036590576172
2018-02-05,36.684207916259766,81.08729553222656
2018-02-06,38.21731185913086,84.15570831298828
2018-02-07,37.39918518066406,82.57081604003906
2018-02-08,36.370094299316406,78.33218383789062
2018-02-09,36.81495666503906,81.25315856933594
2018-02-12,38.29780960083008,82.1285400390625
2018-02-13,38.681480407714844,82.7735595703125
2018-02-14,39.394649505615234,84.06961059570312
2018-02-15,40.71745681762695,85.78231048583984
2018-02-16,40.585636138916016,85.17131805419922
2018-02-20,40.449134826660156,85.83785247802734
2018-02-21,40.26553726196289,84.69915008544922
2018-02-22,40.60212326049805,84.92135620117188
2018-02-23,41.30824661254883,87.07841491699219
2018-02-26,42.125,88.33747100830078
2018-02-27,41.98847961425781,87.20802307128906
2018-02-28,41.9249267578125,86.80992126464844
2018-03-01,41.19057083129883,85.95819091796875
2018-03-02,41.475364685058594,86.14336395263672
2018-03-05,41.61894989013672,86.68955993652344
2018-03-06,41.58363723754883,86.39331817626953
2018-03-07,41.1976203918457,86.89324951171875
2018-03-08,41.64719009399414,87.42094421386719
2018-03-09,42.362728118896484,89.37432861328125
2018-03-12,42.772274017333984,89.58723449707031
2018-03-13,42.36038589477539,87.40241241455078
2018-03-14,42.00023651123047,86.88396453857422
2018-03-15,42.04967498779297,87.18950653076172
2018-03-16,41.90139389038086,87.57831573486328
2018-03-19,41.26118850708008,85.9952392578125
2018-03-20,41.247047424316406,86.21743774414062
2018-03-21,40.31260681152344,85.61569213867188
2018-03-22,39.743003845214844,83.12533569335938
2018-03-23,38.82269287109375,80.70906066894531
2018-03-26,40.66567611694336,86.81918334960938
2018-03-27,39.62296676635742,82.82909393310547
2018-03-28,39.1851692199707,82.7550277709961
2018-03-29,39.49114227294922,84.49547576904297
2018-04-02,39.232242584228516,81.9495849609375
2018-04-03,39.63473129272461,83.05128479003906
2018-04-04,40.392642974853516,85.476806640625
2018-04-05,40.67273712158203,85.52308654785156
2018-04-06,39.63238525390625,83.53269958496094
2018-04-09,40.02545166015625,84.03260040283203
2018-04-10,40.77865982055664,85.98599243164062
2018-04-11,40.5880012512207,85.04168701171875
2018-04-12,40.98813247680664,86.63401794433594
2018-04-13,41.12699890136719,86.17113494873047
2018-04-16,41.38356399536133,87.18024444580078
2018-04-17,41.95317840576172,88.939208984375
2018-04-18,41.85901641845703,89.28175354003906
2018-04-19,40.67273712158203,88.97623443603516
2018-04-20,39.00628662109375,87.9486312866211
2018-04-23,38.893310546875,88.27264404296875
2018-04-24,38.351951599121094,86.20817565917969
2018-04-25,38.51905059814453,85.45828247070312
2018-04-26,38.65322494506836,87.26355743408203
2018-04-27,38.20601272583008,88.707763671875
2018-04-30,38.898014068603516,86.57847595214844
2018-05-01,39.801856994628906,87.9486312866211
2018-05-02,41.56009292602539,86.5692367553711
2018-05-03,41.63542175292969,87.087646484375
2018-05-04,43.2689208984375,88.09675598144531
2018-05-07,43.58195877075195,89.07807159423828
2018-05-08,43.79145812988281,88.6985092163086
2018-05-09,44.099788665771484,89.74462127685547
2018-05-10,44.7305908203125,90.64262390136719
2018-05-11,44.56047058105469,90.44822692871094
2018-05-14,44.456512451171875,90.75371551513672
2018-05-15,44.05246353149414,90.096435546875
2018-05-16,44.463592529296875,90.32886505126953
2018-05-17,44.18241882324219,89.42699432373047
2018-05-18,44.021759033203125,89.5943374633789
2018-05-21,44.33363723754883,90.74727630615234
2018-05-22,44.22257614135742,90.65431213378906
2018-05-23,44.506134033203125,91.73284149169922
2018-05-24,44.456512451171875,91.40743255615234
2018-05-25,44.558109283447266,91.45392608642578
2018-05-29,44.39741897583008,91.12850952148438
2018-05-30,44.30291748046875,92.00249481201172
2018-05-31,44.15406036376953,91.90023040771484
2018-06-01,44.95033264160156,93.71330261230469
2018-06-04,45.32602310180664,94.53150177001953
2018-06-05,45.675724029541016,95.01500701904297
2018-06-06,45.83403396606445,95.2939453125
2018-06-07,45.71117401123047,93.79696655273438
2018-06-08,45.29530334472656,94.49433898925781
2018-06-11,45.18425750732422,93.95504760742188
2018-06-12,45.432350158691406,94.19679260253906
2018-06-13,45.05903244018555,93.76908874511719
2018-06-14,45.082645416259766,94.29907989501953
2018-06-15,44.61954116821289,93.09964752197266
2018-06-18,44.59590530395508,93.77838897705078
2018-06-19,43.87525177001953,93.77838897705078
2018-06-20,44.0666389465332,94.71745300292969
2018-06-21,43.8209114074707,94.03873443603516
2018-06-22,43.69331359863281,93.35997772216797
2018-06-25,43.043548583984375,91.4818115234375
2018-06-26,43.57754898071289,92.12334442138672
2018-06-27,43.51374816894531,90.69148254394531
2018-06-28,43.83035659790039,91.70497131347656
2018-06-29,43.73820877075195,91.68636322021484
2018-07-02,44.2273063659668,92.98806762695312
2018-07-03,43.45703125,92.09548950195312
2018-07-05,43.80672073364258,92.75560760498047
2018-07-06,44.413978576660156,94.05732727050781
2018-07-09,45.030662536621094,94.69886016845703
2018-07-10,44.97633361816406,94.94993591308594
2018-07-11,44.3927116394043,94.81975555419922
2018-07-12,45.136993408203125,96.87459564208984
2018-07-13,45.207881927490234,98.02752685546875
2018-07-16,45.108646392822266,97.54403686523438
2018-07-17,45.23624038696289,98.51101684570312
2018-07-18,44.98814010620117,97.7392807006836
2018-07-19,45.33784103393555,97.06983947753906
2018-07-20,45.23388671875,98.80851745605469
2018-07-23,45.27404022216797,100.38916778564453
2018-07-24,45.60248565673828,100.10093688964844
2018-07-25,46.03250503540039,103.04837799072266
2018-07-26,45.88837814331055,101.92333984375
2018-07-27,45.125179290771484,100.11953735351562
2018-07-30,44.872379302978516,97.97172546386719
2018-07-31,44.962158203125,98.6318588256836
2018-08-01,47.61088180541992,98.81781768798828
2018-08-02,49.00257873535156,100.01726531982422
2018-08-03,49.14434814453125,100.45426177978516
2018-08-06,49.39954376220703,100.53793334960938
2018-08-07,48.93642044067383,101.23528289794922
2018-08-08,48.96949768066406,101.80245208740234
2018-08-09,49.35464096069336,101.96983337402344
2018-08-10,49.20762634277344,101.34687042236328
2018-08-13,49.52535629272461,100.61233520507812
2018-08-14,49.7340087890625,101.86754608154297
2018-08-15,49.85020446777344,100.48617553710938
2018-08-16,50.58050537109375,100.46749114990234
2018-08-17,51.59059524536133,100.41146087646484
2018-08-20,51.087921142578125,99.7488021850586
2018-08-21,50.98833084106445,98.91810607910156
2018-08-22,50.99070739746094,99.92613220214844
2018-08-23,51.095035552978516,100.39281463623047
2018-08-24,51.253902435302734,101.1768569946289
2018-08-27,51.67594909667969,102.296875
2018-08-28,52.09327697753906,102.91291809082031
2018-08-29,52.87099838256836,104.55561828613281
2018-08-30,53.35706329345703,104.49027252197266
2018-08-31,53.97355270385742,104.84497833251953
2018-09-04,54.14665222167969,104.26630401611328
2018-09-05,53.79335403442383,101.26084899902344
2018-09-06,52.89944839477539,101.49420166015625
2018-09-07,52.47264099121094,100.99951171875
2018-09-10,51.768436431884766,102.09153747558594
2018-09-11,53.07728576660156,103.82759857177734
2018-09-12,52.41810989379883,104.26630401611328
2018-09-13,53.68428039550781,105.38632202148438
2018-09-14,53.07490539550781,105.81568908691406
2018-09-17,51.66172409057617,104.66764068603516
2018-09-18,51.747093200683594,105.66632843017578
2018-09-19,51.77790832519531,104.25694274902344
2018-09-20,52.17151641845703,106.00235748291016
2018-09-21,51.609561920166016,106.6463623046875
2018-09-24,52.351722717285156,107.029052734375
2018-09-25,52.683677673339844,106.82371520996094
2018-09-26,52.26399230957031,106.38504028320312
2018-09-27,53.33810806274414,106.78639221191406
2018-09-28,53.52542495727539,106.74906158447266
2018-10-01,53.885833740234375,107.90643310546875
2018-10-02,54.36478805541992,107.47706604003906
2018-10-03,55.026336669921875,107.49574279785156
2018-10-04,54.05891418457031,105.27433013916016
2018-10-05,53.181602478027344,104.65830993652344
2018-10-08,53.05830764770508,103.46359252929688
2018-10-09,53.79335403442383,104.7796401977539
2018-10-10,51.30131912231445,99.08610534667969
2018-10-11,50.84843444824219,98.8527603149414
2018-10-12,52.664703369140625,102.26888275146484
2018-10-15,51.538429260253906,100.4301528930664
2018-10-16,52.674190521240234,103.60359191894531
2018-10-17,52.44657516479492,103.33292388916016
2018-10-18,51.220703125,101.27020263671875
2018-10-19,52.00080490112305,101.4195327758789
2018-10-22,52.31851577758789,102.32488250732422
2018-10-23,52.81170654296875,100.89683532714844
2018-10-24,51.00018310546875,95.50199127197266
2018-10-25,52.116981506347656,101.08352661132812
2018-10-26,51.28709030151367,99.83277130126953
2018-10-29,50.32443618774414,96.93001556396484
2018-10-30,50.57576370239258,96.81803131103516
2018-10-31,51.894107818603516,99.69278717041016
2018-11-01,52.6907958984375,98.86209869384766
2018-11-02,49.195777893066406,99.08610534667969
2018-11-05,47.799190521240234,100.34613800048828
2018-11-06,48.31609344482422,100.54216766357422
2018-11-07,49.781436920166016,104.49961853027344
2018-11-08,49.60774612426758,104.3036117553711
2018-11-09,48.65122985839844,102.26888275146484
2018-11-12,46.20046615600586,99.7488021850586
2018-11-13,45.73885726928711,99.81414794921875
2018-11-14,44.44686508178711,98.39866638183594
2018-11-15,45.543766021728516,100.56405639648438
2018-11-16,46.048179626464844,101.51083374023438
2018-11-19,44.22320556640625,98.07059478759766
2018-11-20,42.11030578613281,95.34275817871094
2018-11-21,42.06272506713867,96.65512084960938
2018-11-23,40.9943733215332,96.61759185791016
2018-11-26,41.548789978027344,99.80476379394531
2018-11-27,41.4583625793457,100.43282318115234
2018-11-28,43.052555084228516,104.1636734008789
2018-11-29,42.721824645996094,103.2918930053711
2018-11-30,42.49101638793945,103.94805908203125
2018-12-03,43.97575378417969,105.07292175292969
2018-12-04,42.041316986083984,101.72643280029297
2018-12-06,41.57257843017578,102.3544921875
2018-12-07,40.09021759033203,98.258056640625
2018-12-10,40.354312896728516,100.85464477539062
2018-12-11,40.123531341552734,101.79203796386719
2018-12-12,40.2353515625,102.25137329101562
2018-12-13,40.6755485534668,102.59820556640625
2018-12-14,39.37403106689453,99.39232635498047
2018-12-17,39.00759506225586,96.44886779785156
2018-12-18,39.514400482177734,97.4612808227539
2018-12-19,38.281883239746094,97.19879150390625
2018-12-20,37.315860748291016,95.1552963256836
2018-12-21,35.86442947387695,92.08060455322266
2018-12-24,34.93647766113281,88.23725891113281
2018-12-26,37.396751403808594,94.26473236083984
2018-12-27,37.154056549072266,94.84593963623047
2018-12-28,37.17310333251953,94.10538482666016
2018-12-31,37.53236770629883,95.21151733398438
2019-01-02,37.57521057128906,94.7896957397461
2019-01-03,33.83245086669922,91.30255889892578
2019-01-04,35.27671432495117,95.5489730834961
2019-01-07,35.198204040527344,95.67085266113281
2019-01-08,35.86918258666992,96.364501953125
2019-01-09,36.47831344604492,97.74248504638672
2019-01-10,36.594905853271484,97.11443328857422
2019-01-11,36.235618591308594,96.364501953125
2019-01-14,35.690731048583984,95.66145324707031
2019-01-15,36.42121887207031,98.43617248535156
2019-01-16,36.866153717041016,98.78298950195312
2019-01-17,37.08505630493164,99.47666931152344
2019-01-18,37.313480377197266,100.96714782714844
2019-01-22,36.47594451904297,99.064208984375
2019-01-23,36.62345504760742,100.02972412109375
2019-01-24,36.333168029785156,99.55167388916016
2019-01-25,37.53713607788086,100.46092987060547
2019-01-28,37.189754486083984,98.50177001953125
2019-01-29,36.80428695678711,96.49575805664062
2019-01-30,39.319297790527344,99.72039031982422
2019-01-31,39.60244369506836,97.89247131347656
2019-02-01,39.62147903442383,96.34576416015625
2019-02-04,40.746925354003906,99.12045288085938
2019-02-05,41.4440803527832,100.50782775878906
2019-02-06,41.4583625793457,99.39232635498047
2019-02-07,40.67316818237305,98.67989349365234
2019-02-08,40.7209587097168,99.05484771728516
2019-02-11,40.48676681518555,98.66114044189453
2019-02-12,40.83565139770508,100.19847869873047
2019-02-13,40.665992736816406,100.12347412109375
2019-02-14,40.81415557861328,100.20785522460938
2019-02-15,40.72333908081055,101.44522094726562
2019-02-19,40.8452033996582,101.39834594726562
2019-02-20,41.108070373535156,100.87115478515625
2019-02-21,40.87628173828125,102.99874877929688
2019-02-22,41.332698822021484,104.46730041503906
2019-02-25,41.63378143310547,105.05097961425781
2019-02-26,41.65766906738281,105.77587127685547
2019-02-27,41.78670883178711,105.59696197509766
2019-02-28,41.37570571899414,105.46519470214844
2019-03-01,41.810611724853516,105.93588256835938
2019-03-04,42.02088928222656,105.68170166015625
2019-03-05,41.944419860839844,105.15454864501953
2019-03-06,41.70307540893555,105.20160675048828
2019-03-07,41.220375061035156,103.9212875366211
2019-03-08,41.31835174560547,104.03426361083984
2019-03-11,42.749717712402344,106.21830749511719
2019-03-12,43.23002243041992,106.9620361328125
2019-03-13,43.42118835449219,107.79045867919922
2019-03-14,43.90388870239258,107.87517547607422
2019-03-15,44.47499465942383,109.11783599853516
2019-03-18,44.92901611328125,110.68055725097656
2019-03-19,44.572975158691406,110.75586700439453
2019-03-20,44.96247482299805,110.63349151611328
2019-03-21,46.61845016479492,113.17524719238281
2019-03-22,45.6530647277832,110.19104766845703
2019-03-25,45.10106658935547,110.76528930664062
2019-03-26,44.63509750366211,111.0006332397461
2019-03-27,45.03654479980469,109.92743682861328
2019-03-28,45.09628677368164,110.07807159423828
2019-03-29,45.39020919799805,111.02885437011719
2019-04-01,45.698463439941406,112.04557037353516
2019-04-02,46.36276626586914,112.20565795898438
2019-04-03,46.68059539794922,112.9399185180664
2019-04-04,46.7618293762207,112.36566925048828
2019-04-05,47.07486343383789,112.86460876464844
2019-04-08,47.815643310546875,112.90226745605469
2019-04-09,47.67226028442383,112.29035949707031
2019-04-10,47.93990707397461,113.14704132080078
2019-04-11,47.540828704833984,113.27880859375
2019-04-12,47.52172088623047,113.86251068115234
2019-04-15,47.60773849487305,113.9566421508789
2019-04-16,47.61253356933594,113.69303131103516
2019-04-17,48.539676666259766,114.63442993164062
2019-04-18,48.71412658691406,116.14067840576172
2019-04-22,48.87422561645508,116.50785064697266
2019-04-23,49.579158782958984,118.08938598632812
2019-04-24,49.50269317626953,117.68458557128906
2019-04-25,49.053443908691406,121.58196258544922
2019-04-26,48.81926345825195,122.27864837646484
2019-04-29,48.893341064453125,122.16568756103516
2019-04-30,47.95183563232422,122.947021484375
2019-05-01,50.30559158325195,120.38641357421875
2019-05-02,49.97822570800781,118.81425476074219
2019-05-03,50.59951400756836,121.34661865234375
2019-05-06,49.818115234375,120.64057159423828
2019-05-07,48.47515869140625,118.16471862792969
2019-05-08,48.48472213745117,118.15528869628906
2019-05-09,47.96379470825195,118.14586639404297
2019-05-10,47.29932403564453,119.68035888671875
2019-05-13,44.55032730102539,116.1218490600586
2019-05-14,45.25556564331055,117.42098999023438
2019-05-15,45.79767990112305,119.07453918457031
2019-05-16,45.59619140625,121.82415771484375
2019-05-17,45.33712387084961,121.01154327392578
2019-05-20,43.919437408447266,119.26353454589844
2019-05-21,44.761409759521484,119.90603637695312
2019-05-22,43.845069885253906,120.63360595703125
2019-05-23,43.09666061401367,119.22574615478516
2019-05-24,42.93114471435547,119.28240966796875
2019-05-28,42.75362014770508,119.2068099975586
2019-05-29,42.54972839355469,118.05406188964844
2019-05-30,42.77041244506836,118.80052947998047
2019-05-31,41.995609283447266,116.86351776123047
2019-06-03,41.57102584838867,113.23513793945312
2019-06-04,43.091861724853516,116.37217712402344
2019-06-05,43.78750228881836,118.89500427246094
2019-06-06,44.430381774902344,120.77533721923828
2019-06-07,45.61298751831055,124.15801239013672
2019-06-10,46.19588851928711,125.29190826416016
2019-06-11,46.73081970214844,124.81949615478516
2019-06-12,46.58209228515625,124.24308776855469
2019-06-13,46.57249069213867,125.02732849121094
2019-06-14,46.23427963256836,125.15013885498047
2019-06-17,46.510135650634766,125.52811431884766
2019-06-18,47.603973388671875,127.7108154296875
2019-06-19,47.464847564697266,128.21160888671875
2019-06-20,47.846256256103516,129.40216064453125
2019-06-21,47.68313980102539,129.4210205078125
2019-06-24,47.63516616821289,130.1864013671875
2019-06-25,46.91312789916992,126.0761489868164
2019-06-26,47.92781448364258,126.5485610961914
2019-06-27,47.91342544555664,126.75647735595703
2019-06-28,47.47683334350586,126.57693481445312
2019-07-01,48.34760284423828,128.2021484375
2019-07-02,48.63065719604492,129.0525360107422
2019-07-03,49.03365707397461,129.88406372070312
2019-07-05,48.990482330322266,129.506103515625
2019-07-08,47.980587005615234,129.41156005859375
2019-07-09,48.27323532104492,128.93914794921875
2019-07-10,48.7505989074707,130.2525634765625
2019-07-11,48.395572662353516,130.77218627929688
2019-07-12,48.767391204833984,131.24464416503906
2019-07-15,49.22556686401367,131.24464416503906
2019-07-16,49.05525207519531,129.52500915527344
2019-07-17,48.779380798339844,128.75962829589844
2019-07-18,49.33349609375,128.9013671875
2019-07-19,48.597076416015625,129.09034729003906
2019-07-22,49.70771789550781,130.800537109375
2019-07-23,50.096309661865234,131.61318969726562
2019-07-24,50.05553436279297,132.96437072753906
2019-07-25,49.65974044799805,132.46356201171875
2019-07-26,49.832454681396484,133.5502166748047
2019-07-29,50.29780960083008,133.2572784423828
2019-07-30,50.08192825317383,132.6147918701172
2019-07-31,51.10380935668945,128.75962829589844
2019-08-01,49.997962951660156,130.4510040283203
2019-08-02,48.94011306762695,129.3548583984375
2019-08-05,46.37818908691406,124.92340087890625
2019-08-06,47.25614929199219,127.26671600341797
2019-08-07,47.745506286621094,127.82418823242188
2019-08-08,48.79856491088867,131.23519897460938
2019-08-09,48.396446228027344,130.1202392578125
2019-08-12,48.273643493652344,128.30606079101562
2019-08-13,50.31796646118164,130.96119689941406
2019-08-14,48.82024383544922,127.01736450195312
2019-08-15,48.57704162597656,126.7330093383789
2019-08-16,49.72321319580078,129.05569458007812
2019-08-19,50.65024948120117,131.21719360351562
2019-08-20,50.65266036987305,130.12692260742188
2019-08-21,51.20166015625,131.57745361328125
2019-08-22,51.15831756591797,130.61990356445312
2019-08-23,48.79376220703125,126.45806884765625
2019-08-26,49.72080612182617,128.41099548339844
2019-08-27,49.159759521484375,128.68594360351562
2019-08-28,49.48963928222656,128.5152587890625
2019-08-29,50.32759475708008,130.9422607421875
2019-08-30,50.26258850097656,130.6957550048828
2019-09-03,49.53056716918945,128.97030639648438
2019-09-04,50.370941162109375,130.47772216796875
2019-09-05,51.355770111083984,132.77197265625
2019-09-06,51.35094451904297,131.87135314941406
2019-09-09,51.570068359375,130.37344360351562
2019-09-10,52.17927169799805,129.00827026367188
2019-09-11,53.838314056396484,129.046142578125
2019-09-12,53.717926025390625,130.37344360351562
2019-09-13,52.67289733886719,130.18377685546875
2019-09-16,52.949790954589844,129.24526977539062
2019-09-17,53.14242935180664,130.25021362304688
2019-09-18,53.6408576965332,131.32147216796875
2019-09-19,53.20503616333008,133.73899841308594
2019-09-20,52.42728805541992,132.19369506835938
2019-09-23,52.66566848754883,131.9092559814453
2019-09-24,52.41524887084961,130.24070739746094
2019-09-25,53.22188186645508,132.11781311035156
2019-09-26,52.9473876953125,132.28843688964844
2019-09-27,52.68975067138672,130.5725555419922
2019-09-30,53.929813385009766,131.8049774169922
2019-10-01,54.07910919189453,129.94683837890625
2019-10-02,52.72346115112305,127.65257263183594
2019-10-03,53.17132568359375,129.1978759765625
2019-10-04,54.66182327270508,130.9422607421875
2019-10-07,54.673866271972656,129.99424743652344
2019-10-08,54.033348083496094,128.6195831298828
2019-10-09,54.666629791259766,131.05596923828125
2019-10-10,55.40345001220703,131.87135314941406
2019-10-11,56.87709045410156,132.42117309570312
2019-10-14,56.795223236083984,132.29791259765625
2019-10-15,56.66279220581055,134.21298217773438
2019-10-16,56.43404006958008,133.1132354736328
2019-10-17,56.65315628051758,132.43064880371094
2019-10-18,56.92524719238281,130.2691192626953
2019-10-21,57.9124870300293,131.23609924316406
2019-10-22,57.78006362915039,129.283203125
2019-10-23,58.55540466308594,130.1079864501953
2019-10-24,58.65171432495117,132.6676788330078
2019-10-25,59.37409591674805,133.4166259765625
2019-10-28,59.96884536743164,136.69677734375
2019-10-29,58.58188247680664,135.40750122070312
2019-10-30,58.574668884277344,137.094970703125
2019-10-31,59.89900207519531,135.91940307617188
2019-11-01,61.5989875793457,136.25125122070312
2019-11-04,62.0035285949707,137.0380859375
2019-11-05,61.91442108154297,136.9527587890625
2019-11-06,61.94090270996094,136.57359313964844
2019-11-07,62.65577697753906,136.76321411132812
2019-11-08,62.8272705078125,138.3748016357422
2019-11-11,63.32477951049805,138.51705932617188
2019-11-12,63.26679992675781,139.4271697998047
2019-11-13,63.87301254272461,139.65472412109375
2019-11-14,63.43103790283203,140.36570739746094
2019-11-15,64.18457794189453,142.1764373779297
2019-11-18,64.50820922851562,142.52720642089844
2019-11-19,64.31258392333984,142.57461547851562
2019-11-20,63.563880920410156,142.32730102539062
2019-11-21,63.27890396118164,142.19406127929688
2019-11-22,63.22334289550781,142.29876708984375
2019-11-25,64.33189392089844,143.85877990722656
2019-11-26,63.829551696777344,144.6198272705078
2019-11-27,64.6869125366211,144.89569091796875
2019-11-29,64.54442596435547,144.0015106201172
2019-12-02,63.79814910888672,142.2606658935547
2019-12-03,62.66063690185547,142.0323944091797
2019-12-04,63.21368408203125,142.54608154296875
2019-12-05,64.14109802246094,142.6221466064453
2019-12-06,65.38006591796875,144.3534698486328
2019-12-09,64.46473693847656,143.98248291015625
2019-12-10,64.84148406982422,143.763671875
2019-12-11,65.3945541381836,144.305908203125
2019-12-12,65.56119537353516,145.7708282470703
2019-12-13,66.4523696899414,146.9979705810547
2019-12-16,67.58989715576172,147.94921875
2019-12-17,67.72274780273438,147.15016174316406
2019-12-18,67.56092071533203,146.84573364257812
2019-12-19,67.62855529785156,148.1204833984375
2019-12-20,67.48847961425781,149.7375946044922
2019-12-23,68.58976745605469,149.7375946044922
2019-12-24,68.65497589111328,149.70907592773438
2019-12-26,70.01712799072266,150.93618774414062
2019-12-27,69.99053955078125,151.21205139160156
2019-12-30,70.40595245361328,149.90882873535156
2019-12-31,70.92037963867188,150.0134735107422
2020-01-02,72.53849792480469,152.79115295410156
2020-01-03,71.83329010009766,150.88861083984375
2020-01-06,72.40568542480469,151.27859497070312
2020-01-07,72.06515502929688,149.89930725097656
2020-01-08,73.22441101074219,152.2869873046875
2020-01-09,74.7797622680664,154.189453125
2020-01-10,74.94882202148438,153.47604370117188
2020-01-13,76.55004119873047,155.32150268554688
2020-01-14,75.516357421875,154.22752380371094
2020-01-15,75.1927261352539,155.22637939453125
2020-01-16,76.13465118408203,158.0706329345703
2020-01-17,76.97753143310547,158.95529174804688
2020-01-21,76.45586395263672,158.38453674316406
2020-01-22,76.72876739501953,157.62350463867188
2020-01-23,77.0982894897461,158.5937957763672
2020-01-24,76.87609100341797,156.9957275390625
2020-01-27,74.61552429199219,154.37022399902344
2020-01-28,76.72635650634766,157.3951873779297
2020-01-29,78.33241271972656,159.8494415283203
2020-01-30,78.21891021728516,164.35842895507812
2020-01-31,74.75078582763672,161.9326934814453
2020-02-03,74.54549407958984,165.88043212890625
2020-02-04,77.00651550292969,171.34068298339844
2020-02-05,77.6344223022461,171.13137817382812
2020-02-06,78.54253387451172,174.67959594726562
2020-02-07,77.47492980957031,174.9269256591797
2020-02-10,77.8428955078125,179.50244140625
2020-02-11,77.37326049804688,175.45010375976562
2020-02-12,79.21068572998047,175.7069854736328
2020-02-13,78.64664459228516,174.75567626953125
2020-02-14,78.6659927368164,176.31578063964844
2020-02-18,77.22557830810547,178.1040802001953
2020-02-19,78.34402465820312,178.63827514648438
2020-02-20,77.54029846191406,175.91029357910156
2020-02-21,75.78517150878906,170.3492431640625
2020-02-24,72.18534088134766,163.0045623779297
2020-02-25,69.7402572631836,160.31471252441406
2020-02-26,70.84660339355469,162.31777954101562
2020-02-27,66.21549987792969,150.8810272216797
2020-02-28,66.17675018310547,154.53431701660156
2020-03-02,72.33786010742188,164.81690979003906
2020-03-03,70.04045867919922,156.91891479492188
2020-03-04,73.28925323486328,162.68026733398438
2020-03-05,70.91197967529297,158.59774780273438
2020-03-06,69.97025299072266,154.1146240234375
2020-03-09,64.43617248535156,143.66989135742188
2020-03-10,69.07695770263672,153.49464416503906
2020-03-11,66.67786407470703,146.541015625
2020-03-12,60.093116760253906,132.64328002929688
2020-03-13,67.29277801513672,151.50103759765625
2020-03-16,58.635765075683594,129.17127990722656
2020-03-17,61.21397399902344,139.8067626953125
2020-03-18,59.7154655456543,133.9214630126953
2020-03-19,59.257930755615234,136.12490844726562
2020-03-20,55.495906829833984,131.01222229003906
2020-03-23,54.31694412231445,129.7053985595703
2020-03-24,59.76631546020508,141.4950714111328
2020-03-25,59.437068939208984,140.14060974121094
2020-03-26,62.564823150634766,148.9065704345703
2020-03-27,59.97449493408203,142.7923126220703
2020-03-30,61.68605041503906,152.83644104003906
2020-03-31,61.56017303466797,150.43272399902344
2020-04-01,58.321048736572266,145.0911407470703
2020-04-02,59.29422378540039,148.09576416015625
2020-04-03,58.44209289550781,146.7317657470703
2020-04-06,63.54042434692383,157.64389038085938
2020-04-07,62.804481506347656,155.946044921875
2020-04-08,64.41193389892578,157.51036071777344
2020-04-09,64.87673950195312,157.5198974609375
2020-04-13,66.15011596679688,157.87281799316406
2020-04-14,69.49092102050781,165.6848907470703
2020-04-15,68.85663604736328,163.9488983154297
2020-04-16,69.40377044677734,168.87074279785156
2020-04-17,68.46205139160156,170.3588409423828
2020-04-20,67.04100036621094,166.982177734375
2020-04-21,64.96873474121094,160.07627868652344
2020-04-22,66.84008026123047,165.51321411132812
2020-04-23,66.58103942871094,163.51011657714844
2020-04-24,68.50320434570312,166.49566650390625
2020-04-27,68.55162048339844,166.01873779296875
2020-04-28,67.44044494628906,161.97439575195312
2020-04-29,69.65553283691406,169.24276733398438
2020-04-30,71.125,170.94064331054688
2020-05-01,69.97993469238281,166.51470947265625
2020-05-04,70.97007751464844,170.5877227783203
2020-05-05,72.03521728515625,172.41909790039062
2020-05-06,72.77847290039062,174.11697387695312
2020-05-07,73.53132629394531,175.12808227539062
2020-05-08,75.2815170288086,176.15826416015625
2020-05-11,76.46607971191406,178.12322998046875
2020-05-12,75.59221649169922,174.08837890625
2020-05-13,74.67951202392578,171.45574951171875
2020-05-14,75.1382827758789,172.19973754882812
2020-05-15,74.6940689086914,174.7083740234375
2020-05-18,76.4539566040039,176.3776092529297
2020-05-19,76.01216888427734,175.15672302246094
2020-05-20,77.4904556274414,177.58624267578125
2020-05-21,76.91273498535156,175.45321655273438
2020-05-22,77.40792846679688,175.52969360351562
2020-05-26,76.88360595703125,173.6741180419922
2020-05-27,77.21856689453125,173.90367126464844
2020-05-28,77.25255584716797,173.51148986816406
2020-05-29,77.17732238769531,175.28106689453125
2020-06-01,78.12643432617188,174.87930297851562
2020-06-02,78.4881362915039,176.8688507080078
2020-06-03,78.92019653320312,177.29928588867188
2020-06-04,78.24052429199219,174.9654083251953
2020-06-05,80.46890258789062,179.05929565429688
2020-06-08,80.94465637207031,180.16883850097656
2020-06-09,83.50072479248047,181.54620361328125
2020-06-10,85.6490249633789,188.28004455566406
2020-06-11,81.53694915771484,178.16970825195312
2020-06-12,82.24092102050781,179.57579040527344
2020-06-15,83.25799560546875,180.7236328125
2020-06-16,85.46451568603516,185.15225219726562
2020-06-17,85.34558868408203,185.7931365966797
2020-06-18,85.37957763671875,187.78265380859375
2020-06-19,84.89164733886719,186.66357421875
2020-06-22,87.11275482177734,191.8478546142578
2020-06-23,88.97213745117188,193.1295928955078
2020-06-24,87.401611328125,189.23658752441406
2020-06-25,88.5619125366211,191.62786865234375
2020-06-26,85.84078979492188,187.792236328125
2020-06-29,87.81913757324219,189.8104705810547
2020-06-30,88.55220031738281,194.66000366210938
2020-07-01,88.38469696044922,195.79824829101562
2020-07-02,88.38469696044922,197.29037475585938
2020-07-06,90.74901580810547,201.53732299804688
2020-07-07,90.46745300292969,199.19387817382812
2020-07-08,92.57443237304688,203.57472229003906
2020-07-09,92.97254180908203,204.99993896484375
2020-07-10,93.13518524169922,204.37818908691406
2020-07-13,92.70552062988281,198.06520080566406
2020-07-14,94.23965454101562,199.28952026367188
2020-07-15,94.88776397705078,198.99301147460938
2020-07-16,93.72016906738281,195.0521697998047
2020-07-17,93.53085327148438,194.05740356445312
2020-07-20,95.50189971923828,202.398193359375
2020-07-21,94.1838150024414,199.67213439941406
2020-07-22,94.44839477539062,202.5417022705078
2020-07-23,90.14945220947266,193.73219299316406
2020-07-24,89.92610931396484,192.54611206054688
2020-07-27,92.05738067626953,194.98521423339844
2020-07-28,90.54513549804688,193.2347869873047
2020-07-29,92.28071594238281,195.18606567382812
2020-07-30,93.3973159790039,195.03305053710938
2020-07-31,103.17498016357422,196.0947265625
2020-08-03,105.77473449707031,207.1233673095703
2020-08-04,106.48111724853516,204.01470947265625
2020-08-05,106.86707305908203,203.679931640625
2020-08-06,110.59557342529297,206.94163513183594
2020-08-07,108.08110809326172,203.23992919921875
2020-08-10,109.65205383300781,199.19387817382812
2020-08-11,106.39100646972656,194.53567504882812
2020-08-12,109.92686462402344,200.0929718017578
2020-08-13,111.87228393554688,199.6243438720703
2020-08-14,111.7725601196289,199.8155975341797
2020-08-17,111.4807357788086,201.13558959960938
2020-08-18,112.40970611572266,202.29299926757812
2020-08-19,112.55074310302734,201.06570434570312
2020-08-20,115.0482177734375,205.74473571777344
2020-08-21,120.97692108154297,204.2490234375
2020-08-24,122.42382049560547,204.89138793945312
2020-08-25,121.41949462890625,207.55694580078125
2020-08-26,123.07068634033203,212.0442352294922
2020-08-27,121.59944915771484,217.2506561279297
2020-08-28,121.40247344970703,219.48472595214844
2020-08-31,125.51949310302734,216.24386596679688
2020-09-01,130.51927185058594,217.91221618652344
2020-09-02,127.81511688232422,222.11190795898438
2020-09-03,117.58212280273438,208.352783203125
2020-09-04,117.65994262695312,205.4283447265625
2020-09-08,109.74202728271484,194.31553649902344
2020-09-09,114.11924743652344,202.59017944335938
2020-09-10,110.39373779296875,196.91397094726562
2020-09-11,108.94438171386719,195.629150390625
2020-09-14,112.21273803710938,196.9523162841797
2020-09-15,112.38782501220703,200.18357849121094
2020-09-16,109.07085418701172,196.60714721679688
2020-09-17,107.32966613769531,194.55528259277344
2020-09-18,103.92516326904297,192.1390380859375
2020-09-21,107.07678985595703,194.20050048828125
2020-09-22,108.75955200195312,198.87954711914062
2020-09-23,104.1975326538086,192.330810546875
2020-09-24,105.26751708984375,194.82373046875
2020-09-25,109.21672821044922,199.26309204101562
2020-09-28,111.82363891601562,200.81640625
2020-09-29,110.97735595703125,198.72616577148438
2020-09-30,112.65042114257812,201.66976928710938
2020-10-01,113.60370635986328,203.71206665039062
2020-10-02,109.93657684326172,197.70022583007812
2020-10-05,113.32162475585938,201.71768188476562
2020-10-06,110.07276153564453,197.43177795410156
2020-10-07,111.94036865234375,201.1903839111328
2020-10-08,111.83335876464844,201.90945434570312
2020-10-09,113.77880859375,206.92410278320312
2020-10-12,121.00608825683594,212.28396606445312
2020-10-13,117.79615020751953,213.683837890625
2020-10-14,117.88367462158203,211.7661895751953
2020-10-15,117.416748046875,210.6156005859375
2020-10-16,115.77288055419922,210.6156005859375
2020-10-19,112.8158187866211,205.39956665039062
2020-10-20,114.30406951904297,205.81190490722656
2020-10-21,113.68152618408203,205.95567321777344
2020-10-22,112.59207916259766,206.04200744628906
2020-10-23,111.90148162841797,207.3268280029297
2020-10-26,111.91118621826172,201.4300537109375
2020-10-27,113.41889190673828,204.46954345703125
2020-10-28,108.16619873046875,194.33473205566406
2020-10-29,112.1738052368164,196.29074096679688
2020-10-30,105.89006805419922,194.13336181640625
2020-11-02,105.802490234375,193.99917602539062
2020-11-03,107.42694854736328,197.93031311035156
2020-11-04,111.81391143798828,207.48025512695312
2020-11-05,115.7825927734375,214.09613037109375
2020-11-06,115.65104675292969,214.5083770751953
2020-11-09,113.34172821044922,209.39788818359375
2020-11-10,113.00068664550781,202.32174682617188
2020-11-11,116.4305648803711,207.63365173339844
2020-11-12,116.15773010253906,206.56935119628906
2020-11-13,116.20647430419922,207.5952911376953
2020-11-16,117.21984100341797,208.28561401367188
2020-11-17,116.33313751220703,205.62969970703125
2020-11-18,115.0079574584961,202.9187469482422
2020-11-19,115.60234832763672,204.2069091796875
2020-11-20,114.33563232421875,202.25540161132812
2020-11-23,110.93498992919922,201.98623657226562
2020-11-24,112.22119903564453,205.59124755859375
2020-11-25,113.05915832519531,205.6008758544922
2020-11-27,113.60482788085938,206.90826416015625
2020-11-30,116.0018310546875,205.79312133789062
2020-12-01,119.57786560058594,207.85040283203125
2020-12-02,119.92866516113281,207.04286193847656
2020-12-03,119.79225158691406,205.95657348632812
2020-12-04,119.11990356445312,206.0718994140625
2020-12-07,120.58151245117188,206.00460815429688
2020-12-08,121.19536590576172,207.65809631347656
2020-12-09,118.66193389892578,203.61090087890625
2020-12-10,120.08455657958984,202.38037109375
2020-12-11,119.27581787109375,205.01443481445312
2020-12-14,118.66193389892578,205.91810607910156
2020-12-15,124.60575866699219,205.850830078125
2020-12-16,124.53754425048828,210.80172729492188
2020-12-17,125.40478515625,210.93624877929688
2020-12-18,123.41698455810547,210.13836669921875
2020-12-21,124.94679260253906,213.98370361328125
2020-12-22,128.50332641601562,215.28150939941406
2020-12-23,127.60694122314453,212.4744110107422
2020-12-24,128.59104919433594,214.13751220703125
2020-12-28,133.1902313232422,216.26206970214844
2020-12-29,131.4167938232422,215.48336791992188
2020-12-30,130.2962188720703,213.1088409423828
2020-12-31,129.2926025390625,213.82029724121094
2021-01-04,126.09659576416016,209.273193359375
2021-01-05,127.65560913085938,209.47508239746094
2021-01-06,123.35852813720703,204.04347229003906
2021-01-07,127.56795501708984,209.8499298095703
2021-01-08,128.66897583007812,211.1285400390625
2021-01-11,125.67758178710938,209.08091735839844
2021-01-12,125.50221252441406,206.6198272705078
2021-01-13,127.53866577148438,207.975341796875
2021-01-14,125.60940551757812,204.78372192382812
2021-01-15,123.88471221923828,204.4280242919922
2021-01-19,124.55705261230469,208.0714874267578
2021-01-20,128.6494903564453,215.666015625
2021-01-21,133.36558532714844,216.2716827392578
2021-01-22,135.50926208496094,217.2137908935547
2021-01-25,139.26065063476562,220.65538024902344
2021-01-26,139.49452209472656,223.34710693359375
2021-01-27,138.4226837158203,223.8950653076172
2021-01-28,133.57997131347656,229.69189453125
2021-01-29,128.581298828125,222.99143981933594
2021-02-01,130.70547485351562,230.38409423828125
2021-02-02,131.53372192382812,230.24951171875
2021-02-03,130.51058959960938,233.60458374023438
2021-02-04,133.87228393554688,232.65283203125
2021-02-05,133.45751953125,232.83546447753906
2021-02-08,133.6039276123047,233.09506225585938
2021-02-09,132.72564697265625,234.34483337402344
2021-02-10,132.12059020996094,233.4315185546875
2021-02-11,131.86691284179688,235.03695678710938
2021-02-12,132.10110473632812,235.5176239013672
2021-02-16,129.97373962402344,234.27748107910156
2021-02-17,127.68048858642578,235.29885864257812
2021-02-18,126.5777587890625,234.90382385253906
2021-02-19,126.73387908935547,232.18661499023438
2021-02-22,122.95734405517578,225.96206665039062
2021-02-23,122.82073974609375,224.7672576904297
2021-02-24,122.32304382324219,226.00062561035156
2021-02-25,118.0683364868164,220.6432647705078
2021-02-26,118.3318099975586,223.90972900390625
2021-03-01,124.70411682128906,228.303466796875
2021-03-02,122.0986099243164,225.3453826904297
2021-03-03,119.11249542236328,219.26541137695312
2021-03-04,117.22909545898438,218.4656219482422
2021-03-05,118.48795318603516,223.1581573486328
2021-03-08,113.55013275146484,219.10159301757812
2021-03-09,118.1659164428711,225.25865173339844
2021-03-10,117.0827407836914,223.94822692871094
2021-03-11,119.01492309570312,228.48658752441406
2021-03-12,118.10736083984375,227.1568603515625
2021-03-15,120.99588775634766,226.2511444091797
2021-03-16,122.53775024414062,229.04544067382812
2021-03-17,121.74727630615234,228.3998260498047
2021-03-18,117.61943054199219,222.31021118164062
2021-03-19,117.09247589111328,221.95370483398438
2021-03-22,120.41038513183594,227.3881072998047
2021-03-23,119.5809097290039,228.920166015625
2021-03-24,117.19005584716797,226.87744140625
2021-03-25,117.67798614501953,223.8711700439453
2021-03-26,118.28302001953125,227.86024475097656
2021-03-29,118.45866394042969,226.66543579101562
2021-03-30,117.00465393066406,223.39901733398438
2021-03-31,119.20032501220703,227.17613220214844
2021-04-01,120.02981567382812,233.51629638671875
2021-04-05,122.85977935791016,239.99134826660156
2021-04-06,123.16228485107422,238.82546997070312
2021-04-07,124.81146240234375,240.79107666015625
2021-04-08,127.21207427978516,244.01898193359375
2021-04-09,129.7882843017578,246.52420043945312
2021-04-12,128.07083129882812,246.58206176757812
2021-04-13,131.18377685546875,249.06800842285156
2021-04-14,128.84173583984375,246.27369689941406
2021-04-15,131.2521209716797,250.04116821289062
2021-04-16,130.92031860351562,251.2359619140625
2021-04-19,131.5839080810547,249.30885314941406
2021-04-20,129.8956756591797,248.84640502929688
2021-04-21,130.2762451171875,251.08181762695312
2021-04-22,128.75392150878906,247.79611206054688
2021-04-23,131.0764617919922,251.63104248046875
2021-04-26,131.46676635742188,252.0164337158203
2021-04-27,131.14479064941406,252.421142578125
2021-04-28,130.3543243408203,245.28121948242188
2021-04-29,130.2567138671875,243.30596923828125
2021-04-30,128.2854766845703,242.9879913330078
2021-05-03,129.33941650390625,242.67965698242188
2021-05-04,124.76266479492188,238.75799560546875
2021-05-05,125.00663757324219,237.48611450195312
2021-05-06,126.60704803466797,240.6272735595703
2021-05-07,127.28155517578125,243.25778198242188
2021-05-10,123.9970932006836,238.1702117919922
2021-05-11,123.07823181152344,237.2548370361328
2021-05-12,120.00884246826172,230.28842163085938
2021-05-13,122.15935516357422,234.17153930664062
2021-05-14,124.58358764648438,239.10484313964844
2021-05-17,123.43012237548828,236.2431640625
2021-05-18,122.04206085205078,234.2196807861328
2021-05-19,121.88565826416016,234.79910278320312
2021-05-20,124.44673919677734,238.0441436767578
2021-05-21,122.60903930664062,236.7789764404297
2021-05-24,124.24146270751953,242.19700622558594
2021-05-25,124.04595947265625,243.10479736328125
2021-05-26,123.9970932006836,242.88270568847656
2021-05-27,122.46241760253906,240.77731323242188
2021-05-28,121.8074722290039,241.1345977783203
2021-06-01,121.4848861694336,238.9326171875
2021-06-02,122.24734497070312,238.83604431152344
2021-06-03,120.76153564453125,237.300537109375
2021-06-04,123.0586929321289,242.2066650390625
2021-06-07,123.0684585571289,245.123291015625
2021-06-08,123.88956451416016,243.9257354736328
2021-06-09,124.27078247070312,244.91078186035156
2021-06-10,123.27373504638672,248.4358673095703
2021-06-11,124.48584747314453,249.0636749267578
2021-06-14,127.54542541503906,250.9951934814453
2021-06-15,126.7243423461914,249.5175323486328
2021-06-16,127.22285461425781,248.5710906982422
2021-06-17,128.8259735107422,251.9706268310547
2021-06-18,127.52591705322266,250.5509490966797
2021-06-21,129.32452392578125,253.6414031982422
2021-06-22,130.9667205810547,256.4228210449219
2021-06-23,130.6930389404297,256.1910095214844
2021-06-24,130.40956115722656,257.5624694824219
2021-06-25,130.11631774902344,255.94956970214844
2021-06-28,131.7487335205078,259.52301025390625
2021-06-29,133.2638702392578,262.11126708984375
2021-06-30,133.8796844482422,261.62835693359375
2021-07-01,134.18275451660156,262.3044128417969
2021-07-02,136.812255859375,268.1473693847656
2021-07-06,138.825927734375,268.1569519042969
2021-07-07,141.31857299804688,270.349365234375
2021-07-08,140.01846313476562,267.9252624511719
2021-07-09,141.84637451171875,268.42742919921875
2021-07-12,141.25013732910156,267.8286437988281
2021-07-13,142.36453247070312,271.3634033203125
2021-07-14,145.7955322265625,272.8410339355469
2021-07-15,145.14059448242188,271.4116516113281
2021-07-16,143.09764099121094,271.14129638671875
2021-07-19,139.2462615966797,267.5293273925781
2021-07-20,142.86305236816406,269.76019287109375
2021-07-21,142.12985229492188,271.7689208984375
2021-07-22,143.4984130859375,276.3468017578125
2021-07-23,145.2188262939453,279.75592041015625
2021-07-26,145.63916015625,279.15716552734375
2021-07-27,143.46908569335938,276.7331237792969
2021-07-28,141.71934509277344,276.4240417480469
2021-07-29,142.36453247070312,276.6944580078125
2021-07-30,142.5795440673828,275.158935546875
2021-08-02,142.24720764160156,275.0719909667969
2021-08-03,144.04580688476562,277.2932434082031
2021-08-04,143.64501953125,276.7041015625
2021-08-05,143.75254821777344,279.611083984375
2021-08-06,143.06729125976562,279.5531311035156
2021-08-09,143.01832580566406,278.4617919921875
2021-08-10,142.5386505126953,276.6365661621094
2021-08-11,142.79318237304688,277.1290588378906
2021-08-12,145.75942993164062,279.89117431640625
2021-08-13,145.9650421142578,282.8271484375
2021-08-16,147.94256591796875,284.51727294921875
2021-08-17,147.03213500976562,283.0491943359375
2021-08-18,143.28268432617188,281.3172302246094
2021-08-19,143.61549377441406,287.1616516113281
2021-08-20,145.07418823242188,294.505859375
2021-08-23,146.56224060058594,294.7865295410156
2021-08-24,146.47412109375,292.8222351074219
2021-08-25,145.2406005859375,292.23199462890625
2021-08-26,144.43780517578125,289.4065246582031
2021-08-27,145.47560119628906,290.01611328125
2021-08-30,149.90052795410156,293.7608337402344
2021-08-31,148.63766479492188,292.10626220703125
2021-09-01,149.3033447265625,292.0578308105469
2021-09-02,150.41937255859375,291.3997802734375
2021-09-03,151.05572509765625,291.3901672363281
2021-09-07,153.3954620361328,290.461181640625
2021-09-08,151.84864807128906,290.4902648925781
2021-09-09,150.83058166503906,287.6261901855469
2021-09-10,145.83775329589844,286.1359558105469
2021-09-13,146.40557861328125,287.3744812011719
2021-09-14,145.00567626953125,290.0838928222656
2021-09-15,145.89651489257812,294.9510498046875
2021-09-16,145.66156005859375,295.33807373046875
2021-09-17,142.9889678955078,290.1612854003906
2021-09-20,139.93455505371094,284.7716064453125
2021-09-21,140.41424560546875,285.2554626464844
2021-09-22,142.78341674804688,288.91302490234375
2021-09-23,143.74278259277344,289.8612976074219
2021-09-24,143.83087158203125,289.6581115722656
2021-09-27,142.31346130371094,284.6458740234375
2021-09-28,138.9262237548828,274.34063720703125
2021-09-29,139.826904296875,274.8050537109375
2021-09-30,138.52484130859375,272.7924499511719
2021-10-01,139.65066528320312,279.739990234375
2021-10-04,136.21444702148438,273.94390869140625
2021-10-05,138.14303588867188,279.41094970703125
2021-10-06,139.01434326171875,283.6200866699219
2021-10-07,140.27720642089844,285.3038330078125
2021-10-08,139.8953857421875,285.3038330078125
2021-10-11,139.80731201171875,284.70391845703125
2021-10-12,138.5346221923828,283.3975830078125
2021-10-13,137.947265625,286.716552734375
2021-10-14,140.73733520507812,292.94805908203125
2021-10-15,141.7946319580078,294.36077880859375
2021-10-18,143.46865844726562,297.3410949707031
2021-10-19,145.63221740722656,298.2505798339844
2021-10-20,146.12167358398438,297.4572448730469
2021-10-21,146.3370361328125,300.69873046875
2021-10-22,145.5636749267578,299.1505126953125
2021-10-25,145.5146942138672,298.1538391113281
2021-10-26,146.180419921875,300.06976318359375
2021-10-27,145.72030639648438,312.70697021484375
2021-10-28,149.36212158203125,313.84869384765625
2021-10-29,146.6503143310547,320.88330078125
2021-11-01,145.82797241210938,318.7062072753906
2021-11-02,146.86570739746094,322.34442138671875
2021-11-03,148.30479431152344,323.1862487792969
2021-11-04,147.7859344482422,325.5472717285156
2021-11-05,148.31533813476562,325.1795959472656
2021-11-08,147.49180603027344,326.0794982910156
2021-11-09,147.8545684814453,325.0731506347656
2021-11-10,145.02120971679688,320.0898742675781
2021-11-11,144.97218322753906,321.6670837402344
2021-11-12,147.0506134033203,325.8182067871094
2021-11-15,147.06045532226562,325.1893005371094
2021-11-16,148.0408477783203,328.5179443359375
2021-11-17,150.48207092285156,328.74090576171875
2021-11-18,154.77618408203125,330.82501220703125
2021-11-19,157.4036865234375,332.6086730957031
2021-11-22,157.864501953125,329.4290771484375
2021-11-23,158.246826171875,327.3448791503906
2021-11-24,158.76646423339844,327.56787109375
2021-11-26,153.73695373535156,319.5898132324219
2021-11-29,157.0997772216797,326.3270568847656
2021-11-30,162.0606231689453,320.4719543457031
2021-12-01,161.54100036621094,319.9775695800781
2021-12-02,160.55076599121094,319.40557861328125
2021-12-03,158.66839599609375,313.12396240234375
2021-12-06,162.08023071289062,316.2065124511719
2021-12-07,167.82537841796875,324.6694030761719
2021-12-08,171.64891052246094,324.71783447265625
2021-12-09,171.13914489746094,322.9051208496094
2021-12-10,175.9333038330078,332.0561828613281
2021-12-13,172.2960205078125,329.0122985839844
2021-12-14,170.91363525390625,318.29083251953125
2021-12-15,175.7862548828125,324.40765380859375
2021-12-16,168.8842010498047,314.95599365234375
2021-12-17,167.78614807128906,313.8897399902344
2021-12-20,166.42340087890625,310.11883544921875
2021-12-21,169.59991455078125,317.27294921875
2021-12-22,172.19798278808594,323.0020446777344
2021-12-23,172.82537841796875,324.44647216796875
2021-12-27,176.7960662841797,331.96893310546875
2021-12-28,175.77639770507812,330.80572509765625
2021-12-29,175.86465454101562,331.4842224121094
2021-12-30,174.7078094482422,328.9347229003906
2021-12-31,174.09014892578125,326.0265808105469
2022-01-03,178.44313049316406,324.5046081542969
2022-01-04,176.17840576171875,318.9402770996094
2022-01-05,171.49208068847656,306.69683837890625
2022-01-06,168.62928771972656,304.2733459472656
2022-01-07,168.79598999023438,304.4284362792969
2022-01-10,168.81558227539062,304.6513671875
2022-01-11,171.64891052246094,305.3397216796875
2022-01-12,172.0901336669922,308.5289611816406
2022-01-13,168.81558227539062,295.4712829589844
2022-01-14,169.67835998535156,300.70599365234375
2022-01-18,166.472412109375,293.3869934082031
2022-01-19,162.9723663330078,294.0462646484375
2022-01-20,161.2860870361328,292.3692321777344
2022-01-21,159.2272186279297,286.96966552734375
2022-01-24,158.4527130126953,287.2991943359375
2022-01-25,156.64877319335938,279.6603698730469
2022-01-26,156.56053161621094,287.62884521484375
2022-01-27,156.09976196289062,290.66302490234375
2022-01-28,166.9919891357422,298.8254089355469
2022-01-31,171.35482788085938,301.4620666503906
2022-02-01,171.18812561035156,299.31005859375
2022-02-02,172.39405822753906,303.8661804199219
2022-02-03,169.5116729736328,292.0299377441406
2022-02-04,169.22695922851562,296.5763244628906
2022-02-07,168.51040649414062,291.7391357421875
2022-02-08,171.62222290039062,295.2385559082031
2022-02-09,173.0456085205078,301.68505859375
2022-02-10,168.96192932128906,293.1253662109375
2022-02-11,165.54579162597656,286.00994873046875
2022-02-14,165.78138732910156,285.9711608886719
2022-02-15,169.61961364746094,291.2738037109375
2022-02-16,169.38404846191406,290.93377685546875
2022-02-17,165.78138732910156,282.4145812988281
2022-02-18,164.2303924560547,279.6946716308594
2022-02-22,161.30508422851562,279.49072265625
2022-02-23,157.133056640625,272.25384521484375
2022-02-24,159.7540740966797,286.1642150878906
2022-02-25,161.8253173828125,288.8064270019531
2022-02-28,162.09036254882812,290.2441711425781
2022-03-01,160.20559692382812,286.51397705078125
2022-03-02,163.5039520263672,291.60400390625
2022-03-03,163.17999267578125,287.4562072753906
2022-03-04,160.1761474609375,281.5694885253906
2022-03-07,156.37716674804688,270.9327392578125
2022-03-08,154.55126953125,267.96026611328125
2022-03-09,159.96017456054688,280.2484130859375
2022-03-10,155.6114959716797,277.4216003417969
2022-03-11,151.8909912109375,272.0595397949219
2022-03-14,147.85641479492188,268.5332946777344
2022-03-15,152.24440002441406,278.93701171875
2022-03-16,156.66183471679688,285.96990966796875
2022-03-17,157.67295837402344,286.7762145996094
2022-03-18,160.9713134765625,291.83721923828125
2022-03-21,162.34561157226562,290.6035461425781
2022-03-22,165.7224884033203,295.3634033203125
2022-03-23,167.08700561523438,290.924072265625
2022-03-24,170.8761749267578,295.4022216796875
2022-03-25,171.5142364501953,294.9942932128906
2022-03-28,172.37811279296875,301.8135070800781
2022-03-29,175.67645263671875,306.3887634277344
2022-03-30,174.50828552246094,304.8830261230469
2022-03-31,171.40626525878906,299.4918212890625
2022-04-01,171.1117706298828,300.570068359375
2022-04-04,175.166015625,305.9613037109375
2022-04-05,171.84799194335938,301.9882507324219
2022-04-06,168.67727661132812,290.93377685546875
2022-04-07,168.9815673828125,292.7503662109375
2022-04-08,166.96920776367188,288.47613525390625
2022-04-11,162.70883178710938,277.10113525390625
2022-04-12,164.58377075195312,273.9925537109375
2022-04-13,167.2734832763672,279.3935546875
2022-04-14,162.25726318359375,271.82635498046875
2022-04-18,162.04132080078125,272.4966125488281
2022-04-19,164.32855224609375,277.139892578125
2022-04-20,164.1616668701172,278.1696472167969
2022-04-21,163.36654663085938,272.7783203125
2022-04-22,158.8214874267578,266.1922607421875
2022-04-25,159.8914794921875,272.69091796875
2022-04-26,153.9230194091797,262.4911804199219
2022-04-27,153.69723510742188,275.11944580078125
2022-04-28,160.6375274658203,281.3460998535156
2022-04-29,154.75746154785156,269.5824890136719
2022-05-02,155.06175231933594,276.3337097167969
2022-05-03,156.55386352539062,273.7206115722656
2022-05-04,162.97386169433594,281.68609619140625
2022-05-05,153.89356994628906,269.41729736328125
2022-05-06,154.62106323242188,266.8722839355469
2022-05-09,149.4893341064453,257.0125427246094
2022-05-10,151.89788818359375,261.7918701171875
2022-05-11,144.02330017089844,253.0977783203125
2022-05-12,140.14996337890625,248.0465850830078
2022-05-13,144.62301635742188,253.6514892578125
2022-05-16,143.0795440673828,254.0206756591797
2022-05-17,146.71701049804688,259.1885070800781
2022-05-18,138.43934631347656,247.3877410888672
2022-05-19,135.02801513671875,246.47247314453125
2022-05-20,135.2639617919922,245.90777587890625
2022-05-23,140.69064331054688,253.78466796875
2022-05-24,137.9871368408203,252.7817840576172
2022-05-25,138.1444549560547,255.6054229736328
2022-05-26,141.34930419921875,258.8963928222656
2022-05-27,147.1102294921875,266.0430908203125
2022-05-31,146.32373046875,264.7091369628906
2022-06-01,146.1959228515625,265.2446594238281
2022-06-02,148.65367126464844,267.3477783203125
2022-06-03,142.92225646972656,262.90789794921875
2022-06-06,143.66941833496094,261.6714172363281
2022-06-07,146.1959228515625,265.3226013183594
2022-06-08,145.45863342285156,263.28753662109375
2022-06-09,140.22854614257812,257.8156433105469
2022-06-10,134.8117218017578,246.3264617919922
2022-06-13,129.65049743652344,235.87904357910156
2022-06-14,130.5155792236328,238.05035400390625
2022-06-15,133.1404571533203,245.1288299560547
2022-06-16,127.86124420166016,238.51768493652344
2022-06-17,129.3358917236328,241.1270751953125
2022-06-21,133.57302856445312,247.0566864013672
2022-06-22,133.06182861328125,246.46275329589844
2022-06-23,135.9324493408203,252.04180908203125
2022-06-24,139.26515197753906,260.6490478515625
2022-06-27,139.26515197753906,257.9129943847656
2022-06-28,135.1165008544922,249.72451782226562
2022-06-29,136.876220703125,253.4049530029297
2022-06-30,134.4086456298828,250.06529235839844
2022-07-01,136.58128356933594,252.7427978515625
2022-07-05,139.1667938232422,255.92678833007812
2022-07-06,140.5038299560547,259.1982421875
2022-07-07,143.87586975097656,261.3305358886719
2022-07-08,144.55419921875,260.61004638671875
2022-07-11,142.42086791992188,257.5430603027344
2022-07-12,143.39413452148438,246.98854064941406
2022-07-13,143.0303955078125,246.06356811523438
2022-07-14,145.9600372314453,247.3877410888672
2022-07-15,147.63125610351562,249.9581756591797
2022-07-18,144.5836639404297,247.5532989501953
2022-07-19,148.44723510742188,252.69418334960938
2022-07-20,150.45274353027344,255.362060546875
2022-07-21,152.7237091064453,257.8643493652344
2022-07-22,151.48501586914062,253.50233459472656
2022-07-25,150.36427307128906,252.0126190185547
2022-07-26,149.0370635986328,245.26510620117188
2022-07-27,154.13934326171875,261.6615295410156
2022-07-28,154.68988037109375,269.1295471191406
2022-07-29,159.76263427734375,273.34552001953125
2022-08-01,158.77955627441406,270.6874694824219
2022-08-02,157.30494689941406,267.58148193359375
2022-08-03,163.3214569091797,275.02996826171875
2022-08-04,163.00685119628906,276.1788635253906
2022-08-05,162.78042602539062,275.4583740234375
2022-08-08,162.30787658691406,272.9366455078125
2022-08-09,162.35711669921875,274.8644104003906
2022-08-10,166.61000061035156,281.54376220703125
2022-08-11,165.8716583251953,279.4601135253906
2022-08-12,169.42555236816406,284.2213134765625
2022-08-15,170.4985809326172,285.74017333984375
2022-08-16,170.34109497070312,285.00018310546875
2022-08-17,171.8374786376953,284.24896240234375
2022-08-18,171.4436798095703,283.12689208984375
2022-08-19,168.85455322265625,279.20440673828125
2022-08-22,164.96597290039062,271.00830078125
2022-08-23,164.6312255859375,269.7301330566406
2022-08-24,164.92657470703125,269.0959167480469
2022-08-25,167.38771057128906,272.08154296875
2022-08-26,161.07733154296875,261.58282470703125
2022-08-29,158.8721160888672,258.7922058105469
2022-08-30,156.44053649902344,256.5870361328125
2022-08-31,154.77674865722656,255.12351989746094
2022-09-01,155.50531005859375,254.07943725585938
2022-09-02,153.38868713378906,249.8447723388672
2022-09-06,152.12855529785156,247.10296630859375
2022-09-07,153.536376953125,251.8254852294922
2022-09-08,152.0596466064453,252.24505615234375
2022-09-09,154.9244384765625,258.0408630371094
2022-09-12,160.8902587890625,260.1777038574219
2022-09-13,151.44931030273438,245.87356567382812
2022-09-14,152.89646911621094,246.0979766845703
2022-09-15,150.00213623046875,239.4240264892578
2022-09-16,148.3581085205078,238.79954528808594
2022-09-19,152.07936096191406,238.58489990234375
2022-09-20,154.46176147460938,236.5651397705078
2022-09-21,151.3311767578125,233.15008544921875
2022-09-22,150.36639404296875,235.1308135986328
2022-09-23,148.0923309326172,232.1450958251953
2022-09-26,148.42703247070312,231.6864776611328
2022-09-27,149.40164184570312,230.6717529296875
2022-09-28,147.51145935058594,235.2186279296875
2022-09-29,140.26583862304688,231.73526000976562
2022-09-30,136.0523681640625,227.24693298339844
2022-10-03,140.23629760742188,234.8966522216797
2022-10-04,143.82957458496094,242.83909606933594
2022-10-05,144.12490844726562,243.1512908935547
2022-10-06,143.1699676513672,240.7998046875
2022-10-07,137.91299438476562,228.55441284179688
2022-10-10,138.23782348632812,223.68553161621094
2022-10-11,136.8202362060547,219.93875122070312
2022-10-12,136.190185546875,220.2705078125
2022-10-13,140.76791381835938,228.55441284179688
2022-10-14,136.22958374023438,223.0122833251953
2022-10-17,140.19691467285156,231.7645721435547
2022-10-18,141.51608276367188,232.71099853515625
2022-10-19,141.62437438964844,230.7400360107422
2022-10-20,141.16171264648438,230.41806030273438
2022-10-21,144.98141479492188,236.2431640625
2022-10-24,147.12754821777344,241.24862670898438
2022-10-25,149.97264099121094,244.57586669921875
2022-10-26,147.02906799316406,225.70529174804688
2022-10-27,142.5498046875,221.24620056152344
2022-10-28,153.3197784423828,230.14483642578125
2022-10-31,150.9570770263672,226.49563598632812
2022-11-01,148.30886840820312,222.63174438476562
2022-11-02,142.77621459960938,214.7576141357422
2022-11-03,136.72178649902344,209.0496063232422
2022-11-04,136.45556640625,216.0162811279297
2022-11-07,136.988037109375,222.33901977539062
2022-11-08,137.5599822998047,223.3147735595703
2022-11-09,132.99435424804688,219.06057739257812
2022-11-10,144.82748413085938,237.08226013183594
2022-11-11,147.6181182861328,241.11199951171875
2022-11-14,146.21783447265625,235.68701171875
2022-11-15,147.95339965820312,236.09677124023438
2022-11-16,146.7207794189453,236.52731323242188
2022-11-17,148.62393188476562,236.47837829589844
2022-11-18,149.18597412109375,236.02828979492188
2022-11-21,145.95162963867188,236.84043884277344
2022-11-22,148.09146118164062,239.7562713623047
2022-11-23,148.9690704345703,242.25140380859375
2022-11-25,146.0502166748047,242.16334533691406
2022-11-28,142.21434020996094,236.55665588378906
2022-11-29,139.2067413330078,235.15745544433594
2022-11-30,145.97132873535156,249.64866638183594
2022-12-01,146.2474365234375,249.2083740234375
2022-12-02,145.75440979003906,249.53126525878906
2022-12-05,144.5908203125,244.8150177001953
2022-12-06,140.9225616455078,239.8443603515625
2022-12-07,138.97994995117188,239.1104736328125
2022-12-08,140.66615295410156,242.0752410888672
2022-12-09,140.18299865722656,240.13787841796875
2022-12-12,142.48057556152344,247.07528686523438
2022-12-13,143.4469451904297,251.390380859375
2022-12-14,141.21836853027344,251.68392944335938
2022-12-15,134.6016845703125,243.65061950683594
2022-12-16,132.63934326171875,239.42361450195312
2022-12-19,130.52911376953125,235.27484130859375
2022-12-20,130.46009826660156,236.59579467773438
2022-12-21,133.56629943847656,239.16917419433594
2022-12-22,130.39108276367188,233.06349182128906
2022-12-23,130.02621459960938,233.5918731689453
2022-12-27,128.2216796875,231.85997009277344
2022-12-28,124.28715515136719,229.4822540283203
2022-12-29,127.80747985839844,235.82276916503906
2022-12-30,128.123046875,234.65841674804688
2023-01-03,123.33065795898438,234.42356872558594
2023-01-04,124.60270690917969,224.1691436767578
2023-01-05,123.28134155273438,217.5252685546875
2023-01-06,127.81734466552734,220.08888244628906
2023-01-09,128.33999633789062,222.23175048828125
2023-01-10,128.9119110107422,223.9245147705078
2023-01-11,131.63357543945312,230.69558715820312
2023-01-12,131.55467224121094,233.37660217285156
2023-01-13,132.88587951660156,234.0811004638672
2023-01-17,134.04949951171875,235.17698669433594
2023-01-18,133.32965087890625,230.7346954345703
2023-01-19,133.3887939453125,226.938232421875
2023-01-20,135.95263671875,235.04981994628906
2023-01-23,139.14756774902344,237.35902404785156
2023-01-24,140.54782104492188,236.8306121826172
2023-01-25,139.88714599609375,235.43141174316406
2023-01-26,141.95794677734375,242.66233825683594
2023-01-27,143.90054321289062,242.8188934326172
2023-01-30,141.0112762451172,237.48623657226562
2023-01-31,142.28335571289062,242.47645568847656
2023-02-01,143.407470703125,247.3101043701172
2023-02-02,148.72256469726562,258.90509033203125
2023-02-03,152.35137939453125,252.7896270751953
2023-02-06,149.61988830566406,251.24356079101562
2023-02-07,152.499267578125,261.8013916015625
2023-02-08,149.8072509765625,260.98919677734375
2023-02-09,148.77182006835938,257.9461364746094
2023-02-10,149.13726806640625,257.4373474121094
2023-02-13,151.94204711914062,265.48040771484375
2023-02-14,151.3000946044922,266.3121643066406
2023-02-15,153.4036865234375,264.18353271484375
2023-02-16,151.80377197265625,257.1502990722656
2023-02-17,150.65817260742188,253.13833618164062
2023-02-21,146.63864135742188,247.85107421875
2023-02-22,147.0633087158203,246.71319580078125
2023-02-23,147.5472412109375,249.91104125976562
2023-02-24,144.8905792236328,244.46688842773438
2023-02-27,146.08555603027344,245.3889617919922
2023-02-28,145.58192443847656,244.66307067871094
2023-03-01,143.50794982910156,241.5731658935547
2023-03-02,144.1005096435547,246.32086181640625
2023-03-03,149.15701293945312,250.42111206054688
2023-03-06,151.92230224609375,251.9709930419922
2023-03-07,149.71994018554688,249.30284118652344
2023-03-08,150.97418212890625,248.86146545410156
2023-03-09,148.7224578857422,247.5077667236328
2023-03-10,146.6583709716797,243.84890747070312
2023-03-13,148.60398864746094,249.07725524902344
2023-03-14,150.69764709472656,255.81622314453125
2023-03-15,151.09271240234375,260.3775329589844
2023-03-16,153.91722106933594,270.932373046875
2023-03-17,153.07778930664062,274.1007385253906
2023-03-20,155.447998046875,267.0380554199219
2023-03-21,157.30470275878906,268.5584411621094
2023-03-22,155.8726806640625,267.09686279296875
2023-03-23,156.95904541015625,272.3645324707031
2023-03-24,158.26266479492188,275.2189636230469
2023-03-27,156.3170928955078,271.10888671875
2023-03-28,155.6949005126953,269.9808349609375
2023-03-29,158.77621459960938,275.1601257324219
2023-03-30,160.34652709960938,278.6325988769531
2023-03-31,162.85499572753906,282.8015441894531
2023-04-03,164.10923767089844,281.751953125
2023-04-04,163.5759735107422,281.702880859375
2023-04-05,161.7291259765625,278.91705322265625
2023-04-06,162.6179962158203,286.0386657714844
2023-04-10,160.02059936523438,283.8707580566406
2023-04-11,158.80584716796875,277.43585205078125
2023-04-12,158.1145477294922,278.0832824707031
2023-04-13,163.50682067871094,284.3121643066406
2023-04-14,163.16116333007812,280.6827392578125
2023-04-17,163.180908203125,283.2919921875
2023-04-18,164.40553283691406,282.8702087402344
2023-04-19,165.55113220214844,282.9486999511719
2023-04-20,164.58328247070312,280.6533203125
2023-04-21,162.97352600097656,280.30999755859375
2023-04-24,163.27967834472656,276.39605712890625
2023-04-25,161.73902893066406,270.1672668457031
2023-04-26,161.7291259765625,289.7366638183594
2023-04-27,166.32147216796875,299.0162658691406
2023-04-28,167.57571411132812,301.39996337890625
2023-05-01,167.48681640625,299.73236083984375
2023-05-02,166.44984436035156,299.5852355957031
2023-05-03,165.37338256835938,298.594482421875
2023-05-04,163.7339630126953,299.5852355957031
2023-05-05,171.41746520996094,304.7252197265625
2023-05-08,171.34832763671875,302.763427734375
2023-05-09,169.63980102539062,301.1449279785156
2023-05-10,171.4075927734375,306.3536682128906
2023-05-11,171.59524536132812,304.1955871582031
2023-05-12,170.66563415527344,303.07733154296875
2023-05-15,170.171142578125,303.5579833984375
2023-05-16,170.171142578125,305.7944641113281
2023-05-17,170.7843017578125,308.6847839355469
2023-05-18,173.11825561523438,313.12823486328125
2023-05-19,173.22706604003906,312.95123291015625
2023-05-22,172.2776336669922,315.74322509765625
2023-05-23,169.66676330566406,309.9234619140625
2023-05-24,169.94369506835938,308.53729248046875
2023-05-25,171.0809783935547,320.4029541015625
2023-05-26,173.4940643310547,327.2549743652344
2023-05-30,175.3434295654297,325.6034240722656
2023-05-31,175.29397583007812,322.8311462402344
2023-06-01,178.10264587402344,326.9502258300781
2023-06-02,178.95314025878906,329.7225036621094
2023-06-05,177.5982666015625,330.25341796875
2023-06-06,177.2323455810547,328.0315856933594
2023-06-07,175.85768127441406,317.90594482421875
2023-06-08,178.57736206054688,319.754150390625
2023-06-09,178.96304321289062,321.2582092285156
2023-06-12,181.76177978515625,326.2325439453125
2023-06-13,181.287109375,328.63128662109375
2023-06-14,181.92002868652344,331.6296691894531
2023-06-15,183.9573211669922,342.2074890136719
2023-06-16,182.87930297851562,336.53515625
2023-06-20,182.9683380126953,332.3276062011719
2023-06-21,181.92991638183594,327.91363525390625
2023-06-22,184.9363555908203,333.9595031738281
2023-06-23,184.61990356445312,329.3489074707031
2023-06-26,183.2254638671875,323.03759765625
2023-06-27,185.9846649169922,328.90655517578125
2023-06-28,187.1615447998047,330.1648864746094
2023-06-29,187.49778747558594,329.3783874511719
2023-06-30,191.82948303222656,334.7754821777344
2023-07-03,190.33612060546875,332.26861572265625
2023-07-05,189.21859741210938,332.4259338378906
2023-07-06,189.69329833984375,335.4930725097656
2023-07-07,188.57574462890625,331.51165771484375
2023-07-10,186.52862548828125,326.2129211425781
2023-07-11,186.00448608398438,326.842041015625
2023-07-12,187.67581176757812,331.49200439453125
2023-07-13,188.43731689453125,336.85955810546875
2023-07-14,188.58566284179688,339.3959045410156
2023-07-17,191.84921264648438,339.87762451171875
2023-07-18,191.59210205078125,353.4046936035156
2023-07-19,192.94700622558594,349.0693054199219
2023-07-20,190.9987335205078,340.9983215332031
2023-07-21,189.82188415527344,337.9507751464844
2023-07-24,190.6229248046875,339.26812744140625
2023-07-25,191.48333740234375,345.03875732421875
2023-07-26,192.35360717773438,332.0523681640625
2023-07-27,191.08773803710938,325.1217041015625
2023-07-28,193.6689453125,332.6422119140625
2023-07-31,194.28207397460938,330.23370361328125
2023-08-01,193.45138549804688,330.6465759277344
2023-08-02,190.45480346679688,321.9562072753906
2023-08-03,189.0603485107422,321.13043212890625
2023-08-04,179.98167419433594,322.2314758300781
2023-08-07,176.87632751464844,324.52197265625
2023-08-08,177.81582641601562,320.53076171875
2023-08-09,176.22360229492188,316.7754211425781
2023-08-10,176.0060272216797,317.463623046875
2023-08-11,176.06544494628906,315.5760803222656
2023-08-14,177.7192840576172,318.5548095703125
2023-08-15,175.72874450683594,316.41168212890625
2023-08-16,174.8572998046875,315.6432800292969
2023-08-17,172.3122100830078,312.175537109375
2023-08-18,172.7974853515625,311.7815246582031
2023-08-21,174.13436889648438,317.1013488769531
2023-08-22,175.5108642578125,317.67266845703125
2023-08-23,179.3631591796875,322.14532470703125
2023-08-24,174.6691436767578,315.2196350097656
2023-08-25,176.8774871826172,318.18499755859375
2023-08-28,178.44219970703125,318.894287109375
2023-08-29,182.33404541015625,323.53436279296875
2023-08-30,185.8297882080078,323.90875244140625
2023-08-31,186.04766845703125,322.89398193359375
2023-09-01,187.6222381591797,323.7806396484375
2023-09-05,187.85992431640625,328.5980529785156
2023-09-06,181.1357879638672,327.93804931640625
2023-09-07,175.83766174316406,325.0121154785156
2023-09-08,176.45164489746094,329.3073425292969
2023-09-11,177.62020874023438,332.9228515625
2023-09-12,174.5899200439453,326.84442138671875
2023-09-13,172.5201873779297,331.07080078125
2023-09-14,174.0353240966797,333.6716003417969
2023-09-15,173.31239318847656,325.3175354003906
2023-09-18,176.24368286132812,324.1746826171875
2023-09-19,177.33302307128906,323.7707824707031
2023-09-20,173.7877655029297,316.00775146484375
2023-09-21,172.24288940429688,314.7861633300781
2023-09-22,173.0945281982422,312.3036193847656
2023-09-25,174.37203979492188,312.82574462890625
2023-09-26,170.29200744628906,307.50592041015625
2023-09-27,168.77684020996094,308.146240234375
2023-09-28,169.03431701660156,308.983642578125
2023-09-29,169.5492706298828,311.06231689453125
2023-10-02,172.0646514892578,317.02252197265625
2023-10-03,170.72772216796875,308.73736572265625
2023-10-04,171.97549438476562,314.2247009277344
2023-10-05,173.21340942382812,314.61871337890625
2023-10-06,175.76834106445312,322.40142822265625
2023-10-09,177.25379943847656,324.9234313964844
2023-10-10,176.65963745117188,323.51470947265625
2023-10-11,178.05593872070312,327.4848327636719
2023-10-12,178.95712280273438,326.2435607910156
2023-10-13,177.11517333984375,322.8644714355469
2023-10-16,176.98643493652344,327.7015380859375
2023-10-17,175.431640625,327.1301574707031
2023-10-18,174.13436889648438,325.2091369628906
2023-10-19,173.758056640625,326.4011535644531
2023-10-20,171.20310974121094,321.8201904296875
2023-10-23,171.3218994140625,324.43084716796875
2023-10-24,171.7576446533203,325.6228942871094
2023-10-25,169.44033813476562,335.61236572265625
2023-10-26,165.27117919921875,323.0220947265625
2023-10-27,166.5882568359375,324.9136047363281
2023-10-30,168.63818359375,332.3022155761719
2023-10-31,169.11354064941406,333.09033203125
2023-11-01,172.2825164794922,340.9321594238281
2023-11-02,175.8475799560547,343.1487731933594
2023-11-03,174.9365234375,347.562255859375
2023-11-06,177.49148559570312,351.2369079589844
2023-11-07,180.05638122558594,355.1775207519531
2023-11-08,181.115966796875,357.8078918457031
2023-11-09,180.6406707763672,355.3350830078125
2023-11-10,184.8351287841797,364.18182373046875
2023-11-13,183.24855041503906,361.2361755371094
2023-11-14,185.8664093017578,364.77288818359375
2023-11-15,186.43161010742188,364.9209899902344
2023-11-16,188.11732482910156,371.3375244140625
2023-11-17,188.0975341796875,365.0986328125
2023-11-20,189.84271240234375,372.5911560058594
2023-11-21,189.03953552246094,368.2773132324219
2023-11-22,189.70388793945312,372.99591064453125
2023-11-24,188.37515258789062,372.5812683105469
2023-11-27,188.1966552734375,373.74609375
2023-11-28,188.80154418945312,377.7835693359375
2023-11-29,187.78018188476562,373.9830322265625
2023-11-30,188.35533142089844,374.0422668457031
2023-12-01,189.63449096679688,369.6988220214844
2023-12-04,187.83966064453125,364.39776611328125
2023-12-05,191.79617309570312,367.734375
2023-12-06,190.70542907714844,364.0621337890625
2023-12-07,192.6390380859375,366.1845703125
2023-12-08,194.0669708251953,369.42236328125
2023-12-11,191.5581817626953,366.530029296875
2023-12-12,193.07537841796875,369.5704040527344
2023-12-13,196.29808044433594,369.56060791015625
2023-12-14,196.44680786132812,361.2290344238281
2023-12-15,195.91136169433594,365.9673767089844
2023-12-18,194.24545288085938,367.8626708984375
2023-12-19,195.28665161132812,368.4648132324219
2023-12-20,193.19436645507812,365.8587341308594
2023-12-21,193.0456085205078,368.7412414550781
2023-12-22,191.9746856689453,369.76788330078125
2023-12-26,191.42930603027344,369.84686279296875
2023-12-27,191.52845764160156,369.26446533203125
2023-12-28,191.95486450195312,370.4588928222656
2023-12-29,190.9136505126953,371.2091369628906
2024-01-02,184.08151245117188,366.10552978515625
2024-01-03,182.70315551757812,365.8390197753906
2024-01-04,180.38282775878906,363.21319580078125
2024-01-05,179.658935546875,363.025634765625
2024-01-08,184.00218200683594,369.8764953613281
2024-01-09,183.585693359375,370.96234130859375
2024-01-10,184.6268768310547,377.8526916503906
2024-01-11,184.0319061279297,379.68878173828125
2024-01-12,184.35914611816406,383.4794921875
2024-01-16,182.08837890625,385.25634765625
2024-01-17,181.14633178710938,384.46661376953125
2024-01-18,187.04641723632812,388.81005859375
2024-01-19,189.95179748535156,393.54840087890625
2024-01-22,192.26223754882812,391.41619873046875
2024-01-23,193.54141235351562,393.77545166015625
2024-01-24,192.86712646484375,397.388427734375
2024-01-25,192.53990173339844,399.6687927246094
2024-01-26,190.80459594726562,398.7408142089844
2024-01-29,190.12037658691406,404.4564514160156
2024-01-30,186.4613494873047,403.34100341796875
2024-01-31,182.8519287109375,392.4724426269531
2024-02-01,185.29124450683594,398.5927734375
2024-02-02,184.28973388671875,405.93719482421875
2024-02-05,186.1043701171875,400.4387512207031
2024-02-06,187.71078491210938,400.28076171875
2024-02-07,187.81988525390625,408.7308349609375
2024-02-08,186.73899841308594,408.7900695800781
2024-02-09,187.50350952148438,415.1473388671875
2024-02-12,185.81564331054688,409.92529296875
2024-02-13,183.72067260742188,401.1001281738281
2024-02-14,182.83702087402344,404.9769287109375
2024-02-15,182.54908752441406,402.0791931152344
2024-02-16,181.01014709472656,399.6067810058594
2024-02-20,180.26548767089844,398.35076904296875
2024-02-21,181.0200653076172,397.7474670410156
2024-02-22,183.05545043945312,407.1131286621094
2024-02-23,181.21865844726562,405.8175354003906
2024-02-26,179.86834716796875,403.0484313964844
2024-02-27,181.327880859375,402.9891052246094
2024-02-28,180.12648010253906,403.2264709472656
2024-02-29,179.4612579345703,409.0812072753906
2024-03-01,178.37904357910156,410.920654296875
2024-03-04,173.85154724121094,410.3470764160156
2024-03-05,168.9070281982422,398.21234130859375
2024-03-06,167.91416931152344,397.6584777832031
2024-03-07,167.7950439453125,404.63079833984375
2024-03-08,169.5126953125,401.74298095703125
2024-03-11,171.518310546875,400.06170654296875
2024-03-12,171.994873046875,410.7031555175781
2024-03-13,169.9098663330078,410.5251159667969
2024-03-14,171.7665252685547,420.5335998535156
2024-03-15,171.38922119140625,411.8305358886719
2024-03-18,172.4813690185547,412.72064208984375
2024-03-19,174.82455444335938,416.76556396484375
2024-03-20,177.39608764648438,420.5434875488281
2024-03-21,170.14813232421875,424.6378173828125
2024-03-22,171.05166625976562,424.0147705078125
2024-03-25,169.63185119628906,418.1995544433594
2024-03-26,168.49998474121094,417.0028991699219
2024-03-27,172.07431030273438,416.78533935546875
2024-03-28,170.25735473632812,416.0831604003906
2024-04-01,168.8177032470703,419.8907470703125
2024-04-02,167.63616943359375,416.7952575683594
2024-04-03,168.44039916992188,415.816162109375
2024-04-04,167.6163330078125,413.27447509765625
2024-04-05,168.3708953857422,420.8302307128906
2024-04-08,167.24896240234375,419.9105224609375
2024-04-09,168.46026611328125,421.5819091796875
2024-04-10,166.58375549316406,418.59515380859375
2024-04-11,173.79197692871094,423.21368408203125
2024-04-12,175.2912139892578,417.25018310546875
2024-04-15,171.45872497558594,409.0812072753906
2024-04-16,168.17233276367188,410.01080322265625
2024-04-17,166.80215454101562,407.3010559082031
2024-04-18,165.84901428222656,399.814453125
2024-04-19,163.8235626220703,394.7212219238281
2024-04-22,164.6575469970703,396.54095458984375
2024-04-23,165.7100067138672,403.0780944824219
2024-04-24,167.81491088867188,404.5516662597656
2024-04-25,168.6787109375,394.6421203613281
2024-04-26,168.0928955078125,401.84185791015625
2024-04-29,172.26295471191406,397.8167419433594
2024-04-30,169.11553955078125,385.0390930175781
2024-05-01,168.0928955078125,390.5873107910156
2024-05-02,171.79632568359375,393.455322265625
2024-05-03,182.07252502441406,402.1781005859375
2024-05-06,180.41441345214844,408.9822998046875
2024-05-07,181.09947204589844,404.8285827636719
2024-05-08,181.43707275390625,406.015380859375
2024-05-09,183.2540283203125,407.7757568359375
2024-05-10,181.99139404296875,410.1690673828125
2024-05-13,185.20269775390625,409.1603088378906
2024-05-14,186.3460235595703,411.9690246582031
2024-05-15,188.62281799316406,419.1718444824219
2024-05-16,188.74209594726562,417.1011657714844
2024-05-17,188.7719268798828,416.3283386230469
2024-05-20,189.93516540527344,421.4110107421875
2024-05-21,191.23757934570312,425.0768127441406
2024-05-22,189.7959747314453,426.54315185546875
2024-05-23,185.79922485351562,423.0556335449219
2024-05-24,188.8812713623047,426.18646240234375
2024-05-28,188.89126586914062,426.3450012207031
2024-05-29,189.1894989013672,425.2055969238281
2024-05-30,190.18370056152344,410.8395690917969
2024-05-31,191.13816833496094,411.2953186035156
2024-06-03,192.90786743164062,409.7001647949219
2024-06-04,193.2260284423828,412.22662353515625
2024-06-05,194.7372283935547,420.0932312011719
2024-06-06,193.35525512695312,420.5985412597656
2024-06-07,195.7513427734375,419.9347839355469
2024-06-10,192.0031280517578,423.9176330566406
2024-06-11,205.9519805908203,428.6831970214844
2024-06-12,211.83778381347656,436.9857177734375
2024-06-13,213.00100708007812,437.5010070800781
2024-06-14,211.26113891601562,438.4818420410156
2024-06-17,215.4169464111328,444.2282409667969
2024-06-18,213.05068969726562,442.2170104980469
2024-06-20,208.46734619140625,441.5829162597656
2024-06-21,206.2900390625,445.625244140625
2024-06-24,206.93629455566406,443.53472900390625
2024-06-25,207.86090087890625,446.784423828125
2024-06-26,212.01670837402344,447.9832458496094
2024-06-27,212.86181640625,448.6668701171875
2024-06-28,209.4019317626953,442.82135009765625
2024-07-01,215.49649047851562,452.510986328125
2024-07-02,218.99610900878906,455.0374450683594
2024-07-03,220.2687225341797,456.513671875
2024-07-05,225.03102111816406,463.240966796875
2024-07-08,226.50245666503906,461.93316650390625
2024-07-09,227.3574676513672,455.2950744628906
2024-07-10,231.6326141357422,461.9430847167969
2024-07-11,226.25392150878906,450.4997863769531
2024-07-12,229.20672607421875,449.3603820800781
2024-07-15,233.04440307617188,449.7666320800781
2024-07-16,233.46197509765625,445.3676452636719
2024-07-17,227.5563507080078,439.42303466796875
2024-07-18,222.88348388671875,436.3021240234375
2024-07-19,223.01275634765625,433.072265625
2024-07-22,222.664794921875,438.8484191894531
2024-07-23,223.70870971679688,440.74078369140625
2024-07-24,217.27610778808594,424.9381103515625
2024-07-25,216.2322235107422,414.5350646972656
2024-07-26,216.69949340820312,421.34161376953125
2024-07-29,216.97787475585938,422.78814697265625
2024-07-30,217.53465270996094,419.01336669921875
2024-07-31,220.795654296875,414.485595703125
2024-08-01,217.09716796875,413.2569580078125
2024-08-02,218.58848571777344,404.7166442871094
2024-08-05,208.0597381591797,391.4998779296875
2024-08-06,206.03152465820312,395.9186706542969
2024-08-07,208.60655212402344,394.74957275390625
2024-08-08,212.07638549804688,398.9701843261719
2024-08-09,214.98944091796875,402.2694396972656
2024-08-12,216.52230834960938,403.0521240234375
2024-08-13,220.24497985839844,410.1856689453125
2024-08-14,220.69290161132812,413.00933837890625
2024-08-15,223.67898559570312,417.89263916015625
2024-08-16,225.00283813476562,415.35174560546875
2024-08-19,224.84356689453125,418.388916015625
2024-08-20,225.460693359375,421.6345520019531
2024-08-21,225.35121154785156,420.9794921875
2024-08-22,223.4898681640625,412.4534912109375
2024-08-23,225.7891845703125,413.6842346191406
2024-08-26,226.12757873535156,410.4088439941406
2024-08-27,226.97366333007812,410.7562255859375
2024-08-28,225.4407958984375,407.5404052734375
2024-08-29,228.7255096435547,410.0415954589844
2024-08-30,227.9391632080078,414.0316467285156
2024-09-03,221.738037109375,406.3890380859375
2024-09-04,219.82691955566406,405.8530578613281
2024-09-05,221.34983825683594,405.3468322753906
2024-09-06,219.79705810546875,398.7066955566406
2024-09-09,219.88665771484375,402.6967468261719
2024-09-10,219.09033203125,411.11358642578125
2024-09-11,221.6285400390625,419.8876953125
2024-09-12,221.738037109375,423.81817626953125
2024-09-13,221.4692840576172,427.38140869140625
2024-09-16,215.3179168701172,428.1258544921875
2024-09-17,215.7857208251953,431.9074401855469
2024-09-18,219.66766357421875,427.5997619628906
2024-09-19,227.8097686767578,435.4210510253906
2024-09-20,227.1428680419922,432.0265197753906
2024-09-23,225.42086791992188,430.2796630859375
2024-09-24,226.3167266845703,425.9720153808594
2024-09-25,225.32135009765625,428.8900451660156
2024-09-26,226.4660186767578,428.0960388183594
2024-09-27,226.7347412109375,424.83056640625
2024-09-30,231.92063903808594,427.09356689453125
2024-10-01,225.16209411621094,417.5552062988281
2024-10-02,225.7294464111328,414.021728515625
2024-10-03,224.62460327148438,413.4361267089844
2024-10-04,225.74937438964844,412.9596862792969
2024-10-07,220.6630401611328,406.48828125
2024-10-08,224.72413635253906,411.6197509765625
2024-10-09,228.4766845703125,414.3492736816406
2024-10-10,227.97897338867188,412.7413024902344
2024-10-11,226.4958953857422,413.2177429199219
2024-10-14,230.228515625,416.0167541503906
2024-10-15,232.76670837402344,415.6197204589844
2024-10-16,230.70628356933594,413.01922607421875
2024-10-17,231.07456970214844,413.6147766113281
2024-10-18,233.91136169433594,415.0440673828125
2024-10-21,235.38450622558594,415.659423828125
2024-10-22,234.76739501953125,424.3243713378906
2024-10-23,229.69100952148438,421.4360656738281
2024-10-24,229.50189208984375,421.56512451171875
2024-10-25,230.3380126953125,424.9596252441406
2024-10-28,232.3187713623047,423.4112243652344
2024-10-29,232.5875244140625,428.7313232421875
2024-10-30,229.03407287597656,429.3069763183594
2024-10-31,224.8634796142578,403.322021484375
2024-11-01,221.8773956298828,407.3121032714844
2024-11-04,220.98153686523438,405.41632080078125
2024-11-05,222.4148712158203,408.39398193359375
2024-11-06,221.68826293945312,417.0489807128906
2024-11-07,226.42620849609375,422.2598571777344
2024-11-08,226.15716552734375,419.39141845703125
2024-11-11,223.43682861328125,414.89520263671875
2024-11-12,223.43682861328125,419.87774658203125
2024-11-13,224.32366943359375,422.0316162109375
2024-11-14,227.41270446777344,423.7090148925781
2024-11-15,224.20408630371094,411.9075927734375
2024-11-18,227.21340942382812,412.6619567871094
2024-11-19,227.4724884033203,414.67681884765625
2024-11-20,228.18994140625,412.3939208984375
2024-11-21,227.71163940429688,410.61370849609375
2024-11-22,229.05686950683594,414.72113037109375
2024-11-25,232.04624938964844,416.5013732910156
2024-11-26,234.22850036621094,425.6510925292969
2024-11-27,234.09896850585938,420.6784362792969
2024-11-29,236.490478515625,421.1458435058594
2024-12-02,238.7424774169922,428.6247863769531
2024-12-03,241.79165649414062,428.84356689453125
2024-12-04,242.15037536621094,435.0295715332031
2024-12-05,242.18028259277344,440.2011413574219
2024-12-06,241.98098754882812,441.1459655761719
2024-12-09,245.8771514892578,443.5825500488281
2024-12-10,246.8935546875,440.9072570800781
2024-12-11,245.61807250976562,446.5363464355469
2024-12-12,247.08290100097656,447.10321044921875
2024-12-13,247.2522735595703,444.8257141113281
2024-12-16,250.1519775390625,449.1221008300781
2024-12-17,252.58334350585938,451.9764099121094
2024-12-18,247.1725616455078,434.999755859375
2024-12-19,248.90640258789062,434.6416931152344
2024-12-20,253.58978271484375,434.2140808105469
2024-12-23,254.36703491210938,432.8714294433594
2024-12-24,257.2866516113281,436.9291076660156
2024-12-26,258.1037292480469,435.7157897949219
2024-12-27,254.68588256835938,428.1772155761719
2024-12-30,251.30787658691406,422.50836181640625
2024-12-31,249.5341796875,419.1965637207031
2025-01-02,242.9874267578125,416.2925109863281
2025-01-03,242.4991455078125,421.03643798828125
2025-01-06,244.1333465576172,425.5118713378906
2025-01-07,241.3532257080078,420.0617980957031
2025-01-08,241.8414764404297,422.23980712890625
2025-01-10,236.01217651367188,416.6604919433594
2025-01-13,233.5708465576172,414.9101257324219
2025-01-14,232.45480346679688,413.3984375
2025-01-15,237.028564453125,423.9802551269531
2025-01-16,227.45257568359375,422.25970458984375
2025-01-17,229.16647338867188,426.6853942871094
2025-01-21,221.85244750976562,426.1583251953125
2025-01-22,223.03822326660156,443.7615966796875
2025-01-23,222.8688507080078,444.2687683105469
2025-01-24,221.991943359375,441.63330078125
2025-01-27,229.04690551757812,432.1851806640625
2025-01-28,237.41717529296875,444.7561340332031
2025-01-29,238.5133056640625,439.9126892089844
2025-01-30,236.7495574951172,412.7221374511719
2025-01-31,235.16519165039062,412.791748046875
2025-02-03,227.2034454345703,408.6744384765625
2025-02-04,231.9765167236328,410.116455078125
2025-02-05,231.64767456054688,411.03143310546875
2025-02-06,232.39501953125,413.5475769042969
2025-02-07,226.82479858398438,407.5107727050781
2025-02-10,227.0941162109375,409.96728515625
2025-02-11,232.05198669433594,409.1915588378906
2025-02-12,236.29161071777344,406.80462646484375
2025-02-13,240.9402313232422,408.29644775390625
2025-02-14,244.00274658203125,406.1979675292969
2025-02-18,243.87306213378906,407.4013671875
2025-02-19,244.27207946777344,412.5033264160156
2025-02-20,245.22975158691406,414.6857604980469
2025-02-21,244.95042419433594,406.793212890625
2025-02-24,246.49664306640625,402.59783935546875
2025-02-25,246.43678283691406,396.51898193359375
2025-02-26,239.77310180664062,398.3426513671875
2025-02-27,236.72056579589844,391.16766357421875
2025-02-28,241.24948120117188,395.6121520996094
2025-03-03,237.4487762451172,387.14166259765625
2025-03-04,235.35391235351562,387.26123046875
2025-03-05,235.1643829345703,399.628173828125
2025-03-06,234.75538635253906,395.5125427246094
2025-03-07,238.4862518310547,391.9449462890625
2025-03-10,226.92454528808594,378.8406066894531
2025-03-11,220.30075073242188,379.12957763671875
2025-03-12,216.45018005371094,381.9397888183594
2025-03-13,209.16799926757812,377.45538330078125
2025-03-14,212.9687042236328,387.21142578125
2025-03-17,213.4774627685547,387.3509521484375
2025-03-18,212.17066955566406,382.18890380859375
2025-03-19,214.7144317626953,386.4740295410156
2025-03-20,213.5772247314453,385.49737548828125
2025-03-21,217.73704528808594,389.9020690917969
2025-03-24,220.19102478027344,391.7157287597656
2025-03-25,223.2036590576172,393.7885437011719
2025-03-26,220.98907470703125,388.6165466308594
2025-03-27,223.3034210205078,389.2243957519531
2025-03-28,217.36793518066406,377.48529052734375
2025-03-31,221.58761596679688,374.087158203125
2025-04-01,222.64503479003906,380.8635559082031
2025-04-02,223.34332275390625,380.813720703125
2025-04-03,202.69384765625,371.8150329589844
2025-04-04,187.92002868652344,358.59112548828125
2025-04-07,181.0169219970703,356.61798095703125
2025-04-08,171.9989776611328,353.3294372558594
2025-04-09,198.3644561767578,389.13470458984375
2025-04-10,189.9550323486328,380.0264587402344
2025-04-11,197.66615295410156,387.1018371582031
2025-04-14,202.02549743652344,386.4640197753906
2025-04-15,201.6464080810547,384.3912658691406
2025-04-16,193.79563903808594,370.32025146484375
2025-04-17,196.4990234375,366.5035400390625
2025-04-21,192.6883544921875,357.87359619140625
2025-04-22,199.25228881835938,365.5469055175781
2025-04-23,204.1004180908203,373.0906066894531
2025-04-24,207.8612060546875,385.9557800292969
2025-04-25,208.76898193359375,390.4900207519531
2025-04-28,209.62689208984375,389.8023986816406
2025-04-29,210.6942901611328,392.67242431640625
2025-04-30,211.9811248779297,393.88818359375
2025-05-01,212.79913330078125,423.9235534667969
2025-05-02,204.8485870361328,433.769287109375
2025-05-05,198.40435791015625,434.65618896484375
2025-05-06,198.02528381347656,431.8061218261719
2025-05-07,195.7707977294922,431.8459777832031
2025-05-08,197.00778198242188,436.6492614746094
2025-05-09,198.0452423095703,437.20733642578125
2025-05-12,210.55104064941406,447.70074462890625
2025-05-13,212.68861389160156,447.5812072753906
2025-05-14,212.08929443359375,451.36798095703125
2025-05-15,211.21029663085938,452.3863220214844
2025-05-16,211.0205078125,453.5244445800781
2025-05-19,208.54331970214844,458.11688232421875
2025-05-20,206.62550354003906,457.4180603027344
2025-05-21,201.86090087890625,451.8272399902344
2025-05-22,201.13172912597656,454.11346435546875
2025-05-23,195.04864501953125,449.441162109375
2025-05-27,199.98304748535156,459.93389892578125
2025-05-28,200.1927947998047,456.609375
2025-05-29,199.72332763671875,457.9272155761719
2025-05-30,200.622314453125,459.60443115234375
2025-06-02,201.47134399414062,461.2118225097656
2025-06-03,203.03956604003906,462.2101745605469
2025-06-04,202.590087890625,463.1086730957031
2025-06-05,200.40257263183594,466.91241455078125
2025-06-06,203.68882751464844,469.6080017089844
2025-06-09,201.2216339111328,471.97412109375
2025-06-10,202.44024658203125,470.1471252441406
2025-06-11,198.55465698242188,471.8443298339844
2025-06-12,198.97418212890625,478.0840759277344
2025-06-13,196.227294921875,474.18048095703125
2025-06-16,198.195068359375,478.3536376953125
2025-06-17,195.418212890625,477.25543212890625
2025-06-18,196.35714721679688,479.4518127441406
2025-06-20,200.7721405029297,476.6164855957031
2025-06-23,201.27157592773438,485.2023620605469
2025-06-24,200.07293701171875,489.30560302734375
2025-06-25,201.33151245117188,491.4620666503906
2025-06-26,200.7721405029297,496.6335754394531
2025-06-27,200.85205078125,495.1260681152344
2025-06-30,204.93740844726562,496.5936584472656
2025-07-01,207.58441162109375,491.242431640625
2025-07-02,212.1991729736328,490.2840270996094
2025-07-03,213.30792236328125,498.02130126953125
2025-07-07,209.7119903564453,496.90313720703125
2025-07-08,209.7719268798828,495.804931640625
2025-07-09,210.90065002441406,502.68365478515625
2025-07-10,212.16920471191406,500.656982421875
2025-07-11,210.92062377929688,502.49395751953125
2025-07-14,208.3834991455078,502.1944274902344
2025-07-15,208.87295532226562,504.9898376464844
2025-07-16,209.92176818847656,504.7901611328125
2025-07-17,209.78192138671875,510.8601989746094
2025-07-18,210.9405975341797,509.212890625
2025-07-21,212.23912048339844,509.2228698730469
2025-07-22,214.15695190429688,504.44073486328125
2025-07-23,213.9072265625,505.0397644042969
2025-07-24,213.51766967773438,510.0415344238281
2025-07-25,213.63754272460938,512.866943359375
2025-07-28,213.80735778808594,511.65887451171875
2025-07-29,211.03050231933594,511.728759765625
2025-07-30,208.81301879882812,512.3976440429688
2025-07-31,207.33470153808594,532.6243896484375
2025-08-01,202.1505889892578,523.2498168945312
2025-08-04,203.11949157714844,534.7609252929688
2025-08-05,202.68995666503906,526.8838500976562
2025-08-06,213.0082550048828,524.0784912109375
2025-08-07,219.7805633544922,519.9852294921875
2025-08-08,229.0900115966797,521.1832275390625
2025-08-11,227.17999267578125,520.9136962890625
2025-08-12,229.64999389648438,528.3713989257812
2025-08-13,233.3300018310547,519.7256469726562
2025-08-14,232.77999877929688,521.6224975585938
2025-08-15,231.58999633789062,519.3162841796875
2025-08-18,230.88999938964844,516.2512817382812
2025-08-19,230.55999755859375,508.933349609375
2025-08-20,226.00999450683594,504.8900146484375
2025-08-21,224.89999389648438,504.239990234375
2025-08-22,227.75999450683594,507.2300109863281
2025-08-25,227.16000366210938,504.260009765625
2025-08-26,229.30999755859375,502.0400085449219
2025-08-27,230.49000549316406,506.739990234375
2025-08-28,232.55999755859375,509.6400146484375
2025-08-29,232.13999938964844,506.69000244140625
2025-09-02,229.72000122070312,505.1199951171875
2025-09-03,238.47000122070312,505.3500061035156
2025-09-04,239.77999877929688,507.9700012207031
2025-09-05,239.69000244140625,495.0
2025-09-08,237.8800048828125,498.20001220703125
2025-09-09,234.35000610351562,498.4100036621094
2025-09-10,226.7899932861328,500.3699951171875
2025-09-11,230.02999877929688,501.010009765625
2025-09-12,234.07000732421875,509.8999938964844
2025-09-15,236.6999969482422,515.3599853515625
2025-09-16,238.14999389648438,509.0400085449219
2025-09-17,238.99000549316406,510.0199890136719
2025-09-18,237.8800048828125,508.45001220703125
2025-09-19,245.5,517.9299926757812
2025-09-22,256.0799865722656,514.4500122070312
2025-09-23,254.42999267578125,509.2300109863281
2025-09-24,252.30999755859375,510.1499938964844
2025-09-25,256.8699951171875,507.0299987792969
2025-09-26,255.4600067138672,511.4599914550781
2025-09-29,254.42999267578125,514.5999755859375
2025-09-30,254.6300048828125,517.9500122070312
2025-10-01,255.4499969482422,519.7100219726562
2025-10-02,257.1300048828125,515.739990234375
2025-10-03,258.0199890136719,517.3499755859375
